-- phpMyAdmin SQL Dump
-- version 4.7.0
-- https://www.phpmyadmin.net/
--
-- Host: 127.0.0.1
-- Generation Time: Apr 02, 2018 at 06:54 PM
-- Server version: 10.1.25-MariaDB
-- PHP Version: 7.0.21

SET SQL_MODE = "NO_AUTO_VALUE_ON_ZERO";
SET AUTOCOMMIT = 0;
START TRANSACTION;
SET time_zone = "+00:00";


/*!40101 SET @OLD_CHARACTER_SET_CLIENT=@@CHARACTER_SET_CLIENT */;
/*!40101 SET @OLD_CHARACTER_SET_RESULTS=@@CHARACTER_SET_RESULTS */;
/*!40101 SET @OLD_COLLATION_CONNECTION=@@COLLATION_CONNECTION */;
/*!40101 SET NAMES utf8mb4 */;

--
-- Database: `kltn_exlanguage`
--
CREATE DATABASE IF NOT EXISTS `KLTN_ExLanguage` DEFAULT CHARACTER SET utf8 COLLATE utf8_general_ci;
USE `KLTN_ExLanguage`;

-- --------------------------------------------------------

--
-- Table structure for table `blocklist_admin`
--

CREATE TABLE `blocklist_admin` (
  `id` int(8) UNSIGNED NOT NULL,
  `blockwho` bigint(30) UNSIGNED NOT NULL,
  `timeblock` datetime NOT NULL,
  `content_id` int(8) NOT NULL,
  `time` datetime DEFAULT NULL
) ENGINE=InnoDB DEFAULT CHARSET=utf8;

-- --------------------------------------------------------

--
-- Table structure for table `blocklist_admin_content`
--

CREATE TABLE `blocklist_admin_content` (
  `id` int(8) UNSIGNED NOT NULL,
  `code` varchar(10) NOT NULL,
  `content` varchar(500) NOT NULL
) ENGINE=InnoDB DEFAULT CHARSET=utf8;

-- --------------------------------------------------------

--
-- Table structure for table `blocklist_user`
--

CREATE TABLE `blocklist_user` (
  `id` int(8) UNSIGNED NOT NULL,
  `whoblock` bigint(30) UNSIGNED NOT NULL,
  `blockwho` bigint(30) UNSIGNED NOT NULL,
  `timeblock` datetime NOT NULL,
  `time` datetime DEFAULT NULL
) ENGINE=InnoDB DEFAULT CHARSET=utf8;

--
-- Dumping data for table `blocklist_user`
--

INSERT INTO `blocklist_user` (`id`, `whoblock`, `blockwho`, `timeblock`, `time`) VALUES
(1, 1090168801152655, 402629716513658300, '2018-03-28 17:32:34', '2018-03-16 11:43:41');

-- --------------------------------------------------------

--
-- Table structure for table `blockmessages`
--

CREATE TABLE `blockmessages` (
  `id` int(9) UNSIGNED NOT NULL,
  `whoblock` bigint(30) UNSIGNED NOT NULL,
  `blockwho` bigint(30) UNSIGNED NOT NULL,
  `time` datetime NOT NULL
) ENGINE=InnoDB DEFAULT CHARSET=utf8;

-- --------------------------------------------------------

--
-- Table structure for table `checkmisspellings`
--

CREATE TABLE `checkmisspellings` (
  `id` int(9) UNSIGNED NOT NULL,
  `whocheck` bigint(30) UNSIGNED NOT NULL,
  `checkwho` bigint(30) UNSIGNED NOT NULL,
  `value` int(1) NOT NULL
) ENGINE=InnoDB DEFAULT CHARSET=utf8;

-- --------------------------------------------------------

--
-- Table structure for table `comment`
--

CREATE TABLE `comment` (
  `id` bigint(30) UNSIGNED NOT NULL,
  `post_id` bigint(20) UNSIGNED NOT NULL,
  `user_id` bigint(30) UNSIGNED NOT NULL,
  `content` varchar(5000) NOT NULL,
  `ctime` datetime NOT NULL
) ENGINE=InnoDB DEFAULT CHARSET=utf8;

--
-- Dumping data for table `comment`
--

INSERT INTO `comment` (`id`, `post_id`, `user_id`, `content`, `ctime`) VALUES
(1, 3, 402629716513658300, 'vai ca dan lam gi the', '2018-04-02 08:16:17'),
(2, 3, 660454276020380500, 'nobody help you =)))))', '2018-04-02 13:17:14'),
(3, 1, 184467440737095520, 'anh se mai la cua em', '2018-04-02 09:23:17'),
(4, 2, 804260829616815200, 'vai cut', '2018-04-02 16:27:25'),
(5, 2, 804260829616815200, 'dinh menh', '2018-04-02 16:30:02');

-- --------------------------------------------------------

--
-- Table structure for table `degree`
--

CREATE TABLE `degree` (
  `id` int(4) UNSIGNED NOT NULL,
  `name` varchar(500) NOT NULL,
  `photo` varchar(1000) DEFAULT NULL
) ENGINE=InnoDB DEFAULT CHARSET=utf8;

--
-- Dumping data for table `degree`
--

INSERT INTO `degree` (`id`, `name`, `photo`) VALUES
(1, 'Beginner', NULL),
(2, 'Elementary', NULL),
(3, 'Intermediate', NULL),
(4, 'Advanced', NULL),
(5, 'Expert', NULL);

-- --------------------------------------------------------

--
-- Table structure for table `delconversation`
--

CREATE TABLE `delconversation` (
  `id` int(9) UNSIGNED NOT NULL,
  `whodel` bigint(30) UNSIGNED NOT NULL,
  `delwho` bigint(30) UNSIGNED NOT NULL,
  `time` datetime NOT NULL
) ENGINE=InnoDB DEFAULT CHARSET=utf8;

-- --------------------------------------------------------

--
-- Table structure for table `editmessage`
--

CREATE TABLE `editmessage` (
  `id` bigint(20) UNSIGNED NOT NULL,
  `message_id` bigint(40) UNSIGNED NOT NULL,
  `whoedit` bigint(30) UNSIGNED NOT NULL,
  `newcontent` varchar(5000) NOT NULL,
  `ctime` datetime NOT NULL
) ENGINE=InnoDB DEFAULT CHARSET=utf8;

--
-- Dumping data for table `editmessage`
--

INSERT INTO `editmessage` (`id`, `message_id`, `whoedit`, `newcontent`, `ctime`) VALUES
(1, 1, 1090168801152655, 'con cac', '2018-03-20 04:06:04'),
(2, 8, 804260829616815200, 'hi youcasdas ccc', '2018-03-30 23:46:50'),
(3, 5, 804260829616815200, 'dang lam gi vay', '2018-03-31 00:46:09'),
(4, 8, 402629716513658300, 'vai dan quy chu luon', '2018-03-31 23:47:24');

-- --------------------------------------------------------

--
-- Table structure for table `exchangelg`
--

CREATE TABLE `exchangelg` (
  `id` int(4) UNSIGNED NOT NULL,
  `user_id` bigint(30) UNSIGNED NOT NULL,
  `degree_id` int(4) UNSIGNED NOT NULL,
  `language_id` int(4) UNSIGNED NOT NULL,
  `time` datetime NOT NULL,
  `prio` int(1) NOT NULL
) ENGINE=InnoDB DEFAULT CHARSET=utf8;

--
-- Dumping data for table `exchangelg`
--

INSERT INTO `exchangelg` (`id`, `user_id`, `degree_id`, `language_id`, `time`, `prio`) VALUES
(4, 1090168801152655, 1, 7, '2018-03-14 02:44:26', 1),
(5, 660454276020380500, 1, 7, '2018-03-14 03:20:22', 1),
(6, 804260829616815200, 2, 7, '2018-03-14 03:23:36', 1),
(7, 184467440737095520, 3, 7, '2018-03-14 19:33:44', 1),
(9, 402629716513658300, 1, 7, '2018-03-15 01:52:11', 1),
(10, 879091109123433100, 1, 1, '2018-03-15 02:24:08', 1),
(11, 879091109123433100, 4, 3, '2018-03-14 02:44:01', 0),
(12, 1090168801152655, 5, 2, '2018-03-14 08:13:09', 0),
(13, 737277912960938800, 3, 5, '2018-03-20 23:50:42', 1),
(14, 1090168801152655, 5, 1, '2018-03-23 13:10:12', 0);

-- --------------------------------------------------------

--
-- Table structure for table `follow`
--

CREATE TABLE `follow` (
  `id` int(9) UNSIGNED NOT NULL,
  `followers` bigint(30) UNSIGNED NOT NULL,
  `tracked` bigint(30) UNSIGNED NOT NULL,
  `ctime` datetime DEFAULT NULL
) ENGINE=InnoDB DEFAULT CHARSET=utf8;

--
-- Dumping data for table `follow`
--

INSERT INTO `follow` (`id`, `followers`, `tracked`, `ctime`) VALUES
(6, 804260829616815200, 402629716513658300, '2018-04-01 15:41:46'),
(8, 879091109123433100, 1090168801152655, '2018-04-01 16:09:44'),
(9, 804260829616815200, 184467440737095520, '2018-04-02 06:25:46');

-- --------------------------------------------------------

--
-- Table structure for table `language`
--

CREATE TABLE `language` (
  `id` int(4) UNSIGNED NOT NULL,
  `name` varchar(500) NOT NULL,
  `symbol` varchar(100) NOT NULL,
  `photo` varchar(1000) DEFAULT NULL
) ENGINE=InnoDB DEFAULT CHARSET=utf8;

--
-- Dumping data for table `language`
--

INSERT INTO `language` (`id`, `name`, `symbol`, `photo`) VALUES
(1, 'Vietnamese', 'vi', NULL),
(2, 'French', 'fr', NULL),
(3, 'German', 'de', NULL),
(4, 'Italian', 'it', NULL),
(5, 'Korean', 'ko', NULL),
(6, 'Latin', 'lt', NULL),
(7, 'English', 'en', NULL);

-- --------------------------------------------------------

--
-- Table structure for table `level`
--

CREATE TABLE `level` (
  `id` int(4) UNSIGNED NOT NULL,
  `level` int(3) UNSIGNED NOT NULL,
  `name` varchar(500) DEFAULT NULL,
  `score` int(10) UNSIGNED NOT NULL,
  `photo` varchar(1000) DEFAULT NULL
) ENGINE=InnoDB DEFAULT CHARSET=utf8;

--
-- Dumping data for table `level`
--

INSERT INTO `level` (`id`, `level`, `name`, `score`, `photo`) VALUES
(1, 0, NULL, 0, NULL),
(2, 1, NULL, 1000, NULL),
(3, 2, NULL, 2000, NULL),
(4, 3, NULL, 3000, NULL),
(5, 4, NULL, 4000, NULL),
(6, 5, NULL, 5000, NULL),
(7, 6, NULL, 6500, NULL),
(8, 7, NULL, 8000, NULL),
(9, 9, NULL, 9500, NULL),
(10, 10, NULL, 11000, NULL),
(11, 11, NULL, 12500, NULL),
(12, 12, NULL, 14000, NULL),
(13, 13, NULL, 15500, NULL),
(14, 14, NULL, 17000, NULL),
(15, 15, NULL, 18500, NULL),
(16, 16, NULL, 20500, NULL),
(17, 17, NULL, 22500, NULL),
(18, 18, NULL, 24500, NULL),
(19, 19, NULL, 26500, NULL),
(20, 20, NULL, 28500, NULL),
(21, 21, NULL, 30000, NULL),
(22, 22, NULL, 33000, NULL),
(23, 23, NULL, 360000, NULL),
(24, 24, NULL, 39000, NULL),
(25, 25, NULL, 45000, NULL),
(26, 26, NULL, 48000, NULL),
(27, 27, NULL, 52000, NULL),
(28, 28, NULL, 54000, NULL),
(29, 29, NULL, 58000, NULL),
(30, 30, NULL, 65000, NULL);

-- --------------------------------------------------------

--
-- Table structure for table `likes_post`
--

CREATE TABLE `likes_post` (
  `id` bigint(20) UNSIGNED NOT NULL,
  `id_user` bigint(30) UNSIGNED NOT NULL,
  `id_post` bigint(20) UNSIGNED NOT NULL,
  `ctime` datetime DEFAULT NULL
) ENGINE=InnoDB DEFAULT CHARSET=utf8;

--
-- Dumping data for table `likes_post`
--

INSERT INTO `likes_post` (`id`, `id_user`, `id_post`, `ctime`) VALUES
(1, 879091109123433100, 3, '2018-04-02 17:27:00'),
(2, 402629716513658300, 3, '2018-04-02 09:31:10'),
(3, 804260829616815200, 3, '2018-04-02 11:16:34'),
(4, 660454276020380500, 1, '2018-04-02 19:21:13'),
(5, 184467440737, 1, '2018-04-02 04:17:22'),
(6, 737277912960938800, 2, '2018-04-17 04:07:08');

-- --------------------------------------------------------

--
-- Table structure for table `message`
--

CREATE TABLE `message` (
  `id` bigint(40) UNSIGNED NOT NULL,
  `userA` bigint(30) UNSIGNED NOT NULL,
  `userB` bigint(30) UNSIGNED NOT NULL,
  `data` blob,
  `content` varchar(5000) DEFAULT NULL,
  `ischeck` int(1) NOT NULL,
  `time` datetime NOT NULL,
  `misspelling` int(1) NOT NULL
) ENGINE=InnoDB DEFAULT CHARSET=utf8;

--
-- Dumping data for table `message`
--

INSERT INTO `message` (`id`, `userA`, `userB`, `data`, `content`, `ischeck`, `time`, `misspelling`) VALUES
(1, 804260829616815200, 1090168801152655, NULL, 'chung ta se la gi nhi', 1, '2018-03-17 16:26:34', 0),
(2, 1090168801152655, 804260829616815200, NULL, 'khong biet ke di', 1, '2018-03-17 20:18:43', 0),
(3, 804260829616815200, 1090168801152655, NULL, 'sao lai ns nte', 1, '2018-03-19 13:43:18', 0),
(4, 804260829616815200, 1090168801152655, NULL, 'anh cam nghe chua', 1, '2018-04-19 13:43:18', 0),
(5, 660454276020380500, 804260829616815200, NULL, 'dang lam gi', 1, '2018-03-19 06:21:00', 0),
(6, 804260829616815200, 660454276020380500, NULL, 'ke t', 1, '2018-03-19 11:46:10', 0),
(7, 804260829616815200, 402629716513658300, NULL, 'hi you', 2, '2018-03-29 21:22:14', 2),
(8, 804260829616815200, 402629716513658300, NULL, 'hi you', 2, '2018-03-29 15:34:01', 2),
(9, 804260829616815200, 402629716513658300, NULL, 'not me', 2, '2018-03-29 15:43:31', 2),
(10, 804260829616815200, 1090168801152655, NULL, 'vai cut', 1, '2018-03-29 15:52:25', 2),
(11, 402629716513658300, 804260829616815200, NULL, 'uk chao', 2, '2018-03-29 15:52:59', 2),
(12, 804260829616815200, 402629716513658300, NULL, 'con cac', 2, '2018-03-29 15:53:13', 2),
(13, 402629716513658300, 804260829616815200, NULL, 'wwhat', 2, '2018-03-29 16:52:13', 2),
(14, 402629716513658300, 804260829616815200, NULL, 'hihi', 2, '2018-03-29 16:52:32', 2),
(15, 804260829616815200, 402629716513658300, NULL, 'really', 2, '2018-03-29 16:52:36', 2),
(16, 804260829616815200, 402629716513658300, NULL, 'fuck you man', 2, '2018-03-29 16:52:43', 2),
(17, 402629716513658300, 804260829616815200, NULL, 'ok you', 2, '2018-03-29 16:52:47', 2),
(18, 402629716513658300, 804260829616815200, NULL, 'ok ok yuo win', 1, '2018-03-29 16:53:19', 2);
INSERT INTO `message` (`id`, `userA`, `userB`, `data`, `content`, `ischeck`, `time`, `misspelling`) VALUES
(19, 804260829616815200, 402629716513658300, 0x646174613a617564696f2f7765626d3b6261736536342c476b58666f353943686f45425176654241554c796751524338344549516f4b456432566962554b48675152436859454347464f415a77482f2f2f2f2f2f2f2f2f46556d705a706b713137474444304a4154594347513268796232316c56304747513268796232316c466c537561372b75766465424158504668783251445972696438474467514b47686b46665431425655324f696b30397764584e495a57466b415145414149433741414141414144686a625745527a7541414a2b4241574a6b6752416651375a3141662f2f2f2f2f2f2f2f2f6e6751436a51653242414143412b34506f6c6e38704a39614b75733754483437616834546d687a7964535851645132502f3456376244345662774d354e6d386b7a7832545648346c746a706e69335a7777336c6d556b717859647a586c766c646e747744493073616f52544b77786d7a563068507379334341714f6b6f4353342b76625438396641477973676c2b47736a5651537a45456357716676516b77523274614a67497646736e43537176504f5269384738306342674141414141414141414141414141414141414a68563648484773597551746c4a31683734397466646b3233444d5247676439564837744a47304368426b38496e71317a38646c765652724f6f4c6a594b694c37703631474b4a56524259626d643833384e462b446c79362f694f692b6d463664347068396e63327a75413564674b6630417336434c714979737933422f4143796f45505846464b46394d48357633756155516b4c43356c71543743397438373575476c386665704f4e4678494343592b7a53535a6279716a657a414b6f44674844556758364377787a464532426969366e4a692b3569714f50374d386c6a4175784d32374a50774762513259457533586949566c34485a6a3346772b6e3679505678512b4868736c4b4465486d65546a52674a7a485149364c496e617a5068613274454d525567495a75522f476e5358486432764c73624d314c503747556574484d71674867526d76394a334862414556772f30555755684e53395931714b33362b46636e7852744f61536c30304a422f6b657432716446506a336a5a6f6b7066714d46544c782f78454b65786d2b462b6e564875577644396177334e56657266636f705857686b49326b766c3365384c4a4539684c2b2f45642f6836705364594b4c754e5869594f4f3948476f30465a6751413767507544613232424c47316973456e73374835302f6d6136474e4c6437665731443936416f4f786837576e666b6739304336546d694872443946666a556d2b327a50454e634633304549436d30593170365755743438705373374655474a49596264534d41647661626872783772536447734234753738747a61506539456349714b527a5a6a7a793439566b7256784f767155667749432b774b786d7a58526930467473374f74497430557977516b786f6368626f6364683932346c70393955794e356a38653371337175343562643977613969317734493034373346443563525a77705571636e73775166397a59502b2b2b7444736b6a346f65794e7645324d3965326a4956363933495a53334e553772712f69565664317632506f4e4e6f6a5a6a4e335549347151366c484351333341425a65574a6a474c33316c34334632746f77393673706f656c3365564768365461623536632f4f576f6157514f52715968394f52684d534331344869306d5046323434354f345a5947686d4b7a44756b68697a38645641315654345645757a344f63566a38397438362b376261327a67624c6e465633446b626c41544e416939562f513347567241767936597958565a566444344c716f3046366751423367507544686e63795564777a31667964663072424346462f4c764b6b6377504c4e365a364f4e5345696c704e3771554f696861696f3168643363716b6473612f66714978706b416b726a4763722b74392f5154714e656b736a692b65635379763042634c6d756d7758452f5569536a446a7a4859584d6563574c672b4c52774a5371686b576c446d4f454c6f30595673675a4678504136354346774e3173614554416a5753387a6c414e5331614e322f7155314b36593230367a69414f4158574c6473377138776472544669556c4a3365764d4b666c4b4f7379343457676333314c6b4a5072737939314a6d394573516b79796c52596e556f4a69446f686242576959772b44572b50707744457236654d354c626f7642635a4247616e377749436879754253777357356976466c417a7469464365527a3239395131764447377044746543795136624f474857756553786559444f30304a42767666772f482f466b38586d58726b48434d696b79325164795a47476c6c44713032492b306e2f4e77517a75716e36486d7a37556f6a6750635554676736753242676e524955686148364c2f356431365274394b6e683753527336684d626b34494f6e67672b3364307a55444d4c65766b6970464964303430337637374646394575574d694a317237375078513477717566776a69653533724d486f3046616751437a67507544634732566250635a7a354e676557644870437673654b41566573375562515441324b77754c6d747939684561612f456a356a4d57394f5442757176752b3351566f442f71786961784c612b3970714f2b696c67314577396d4d634e4970424978754b72334e55462f416c415967476c4f45304b4e6a73537054424c46504154696e352b4e5935425a52334379327936457a646955426756596c5a4f77644268615a672f7a385a3579694b397371787772656e7147334e724450494165367155793975674a38674a78487a5349445a325037326a46567551775947344e79306765307950773639566e763336433838686f6b7055416f523372616f67783472672f4a434871342f7963376b6f6c4264686b4a757543357355436f5336586575483458344d4875517769574a594764644c71683451414867724f3139692b4f3371767a5278475570595662586c41504f5250346b715069735a71494a655a504a353043715063646b6a6c464a466e6754423739527a6f4869562b44754573726854532b322b4d566c4e614f6e642b75756254463051677476392b6376554d5632685356614f6b436b4d743362783144446966736c4669562f76784c5a6e566f6a4c7a7269473857614e4267344541384944374177697438795537684259613368644b775a7976527869585a37495573616e494c3068447a59507273486f4a34724853595533337462454a32594673397238757274433056437449594147314f4d794f3065444e4c4a6641454948517a435241576a714b6270475748636c5479525077526f5a5178414656576771547479557235427037492b566f73756e484c6f33646c49507732615a524c55384930764f397a7867674574493647435148344e6148446347656c2f4a53765431446e4976334158565769567035473249485871616e384f7438477639735733303950674e437a78354152594169365177456830484f57424c616370594e6c622b425754423262593449416342782b74396f5667625a5a692f6b78454c522b394b49514e424671536d5750414e746d7a77426f432f37617163347a554f47426c3944534643476a7a35716a464f5966324b7a2f3332486e4d66504237766c305a2b45455745716a51533755415543586853576342397150304b3364444239747a44746a67654e39783078704869336e5049576b674751344963764447746a6666757034646a4b596972494b7336487a4a663745353951424b517342637a42464b42416f5275396c7a6877574861674e31372b794138757157374b34466b7272755147697a46374630736a72727547346e6d736d393748794a4a314f503848414d784d43614e42673445424b344437417a707353374851566b717751556c6f6d494e55304c71752b556b74763367695746623666324d756c304c6454652f50626f364a4e64714f6f4e6a41487a76346f7057353639772b6e7a626667473833377334366641457748536d5159324a466b5163492b50334a393562386b5076417a305530366b5646774169465432507076384774553775313034676a58674d5448745156495430305a417873756f6a36796174787779456c5933654179536c725035306f326b6d41642f4b75317a67374839724b4b6674747945354c546a6f61334d47517765652f5650395a6e3739584f782f6567695a6e78744e5574354a2b634c72457a5968722f72746a5a313450486135486971426e5330637059495a36694d4f45524d794d417578646b4d644d2f554b7064374671584142663148366c74612f65595274596569784e7a666f453762517769636d7167545950774c7744593747676749334a57306c4e7632484d75796b5039546c5078542b663969384a53784e3561764b3345795547467937347467356d646147644a574b354a357936624c5662577778634c4c747648722b765855687333616d426e33592b584142727a6c596f4a775976594c4275634668526154446930793069597034745a2f5856707a4d465279346a63643037683275447a556732584a482f574b6e2f4634526c6b625a7a44646644346a345a6f4b4e42673445425a344437417a686e57302b31517073396a616c6f70684a75416c4167424c497056706d42614134395534706c41442b4c4d45563136754459384c557867454e6271307145486c7171484576685939547035597a6868572b50704e59597266377774484e4c697434627049706c344366733562477930647a51484e75725876656d617262735a6d4d4f33544b497349777162754350682f4d782b64754a4461686e45694f434b7248765a516a4741356b63504746333279475139556f363166764b386a48323952546e3467705a535243794e4333473835484843436859726b68322f617233756d724459426a494e364a623934465a6367345244685a2f544348456e626c696e466f435262486b504f756249315335783062724c504959635276464737444d335a516e597a514569483641632f4e493162426356646d53735a63537a504e6a356975495a62327a6171584a48752b51454f592b455346517336384f704f6d2b7036555533626c44515a756a31765a6264724d626e7a4e425164374958387375416272436e76546759357846424533317659503351476b4f5763374e2f7766354736684c58716d417476334251412f466f7654687869616f7738616c656d727078494c34657a4e68736b73786c3654477170635557416c6170756e445270385167486c4e3463372f55753778396d376130772b73386742334f5a496754614e42673445426f344437417762644c4d6868742f354a53502f5669524d564a6b2b2f595932376e65694f786b395357776a4c776a6c6b554864344966435a30393974584d61592f5377775054784a2b6f4c527971507266693768706650536e3249697a4a4841744b4b446f443754782f374c50457a632f3257414d3432437449636e74696a39452f4d594e646f2b43794a445a43556f653744724367392f39336232474531513667636b574e6667526755614d7a6f4d4a746953544c546a47536e47637a546c574d6a68422f347a67625078427a7372556b325a327674626539624f545372686c7a2f546b554d5878544c696a787369576750695733686162744956563645346956632f3447456f577a2b544765776d584462795951456641514a57583254707178586f6e55554c544a77506f6c73677368576d467542546865763838332f597038783958777639656d4d4e786c71335235697049352f697744596b535a6333696a55337738514379426e4d6858484446674f7464424944593878374133702b384b524637326e646e615a436f2b6566635559466c5546612f3533512b77644364747858356f59766d345a684b78457a6d4146642f516f536969383061695642556a6a57436c50522f5a504578386a68577552303268433462436831786a2b69592f596e766d664a3932717755377438575470414e747773377254314368664b47614e42673445423334443741775672694a535a6179464531586b2b4969447171677a314641486e2f36774e33354248627a4d766659577137734a4557693063624269676979556b69614f4c3838564d71636b574f34685238367536614e69465073556961312b4c354a565a564432457a6556314b68514f477472566d576e54464d7443394f4c5274786f306468774c593454636d5644367234376b4f41416b435045616f324f3352796a50446e445856676c65316951545a474f2f4961564d6136626979767a687762336a436f4e75396c32516e733754427831786b6b5839414b54506a504b4241786d7a726f7745706566777a6a77626b544e463241647a426151324e6b4f416a55346138354a45416f624533584f3962734344572b526662633638304c754345624258622f434c536a7063714e6c376a466d6b633374413353714b726d2f5135736d6e2b6d4b3436667a584536584a324244374f5a4f3931375647434f43324a6a754857364f7a59734973796c433234484a76543645696d4d765538396243306b6644776b6c5065526f79364b736f5761366b4e2b394b7534494f5a7a2b4c4a317a7668575158665948673467686a566959434e4774426155326f6e4477476b6451564151736e626354376b582f6c6e62754f48487267567662616a655a504d692f657a58426245324169437574557962554337394f554774356d706d4e794c614e426734454347344437417759496c494a5254493175755751627343636d34654a34514b466b44657775307a654d4967474f6743454a5a6d426c56476c4f4369746457585a7858456d65437439456a355a44747063534c4e516c42667967556648363072626268392f4a4c34486c4b7943315648746538336953307361376570366b49505a4b3932377450696d396f65536e2f39356e66322f62687534796d687a774f504132336b68436f4f66344c45454c4d7641595763554f695a5a342f445953332b4b386a7156724c33326b5232706574324d73384d536e635a474a523167797874522b313272776a6c4a6b4c3466627351796b6b667a796a55645852577a6d3252347562735368686537326163377872616532503968665668777557754b5a34504731596e55555a704663444d37395a2b5161353948373946553637312b43372b764f557a684f37695430635738696465724176397a787255623643446337795a33464d745230524a686f48487a70456a396d2b31754b52316862324971692b4e762f397467596e586d43714a6a66527442736e4a2b4930324d3843545359353778676a5142424243504c44554a30302b4e345a4b6677656958304e2f4c656839476b6b6e2f6b4d4839633765364d314d487933487449356a4a3164555162517650384672417072506b4a7938784b6c4b75374d585446786c6659737573325a78636755714e42673445435449443741304778564e2b4d6e6d6f5578757059736d5a574d694c72414d5a57636d6c3831725264354f4779554c6c7667686365326346383434454f69613853384c3337336c566a75464d576262306c6252637a7a6f6959496472306834635535696371373171476a69386f7671396d45625157664a38734f59634b6868656d4f55566b547051456e3867344f38353550795844565a5165304a6c2b5931333933634f766b6e75423748364f6b7973486f537862586b4d665965374536596b76546e62504f744c754474614d575a516a3750444850594754544742576b6e77426855314e47544c55484c712b4b4a4f79502f63754778464171593138535576413462304a6979634c6154434d4d7945686c3252323651566a6b3775584d7455776b582f447946585857697247676270695648314d7234726d4c6e705548372f77784a7547703465672b645637394b4330322f344748647a6d42376e3272704852646856567448485a7a79424d7a55454733582f73594251634b776f7479644b6d653074346c47534a6c4546326d5150375255376d746943463049584d42685a68745051483669666550564b694555737336755334594e36646c4c6f4e78495768524b556351314f7636683859577668525a414d374d774c4c6473322f4f2f4c724272637652464e686e46754f43453041336a444361534b684f4c743131466a41734b4e426734454369594437417a3444586e737743384f2f495643473048656e6774765853437a51534753755130723338337273786e425047377a63456a596a66316738596b324337326579765072523059457952366b3663384a2f6671656476714f7a432f2b4f754653742f544d4655617276527472796332526b79316b717238756a74795876764f4375463267415775493157587371504c444c35336c3135553777757277675762774e686a4349565239625454734e6d38343335542f5574457a624e4d462f44766c4641317a534d696b4d6c774c4a356f50724f775851732f712f492f79737965784c7841564f304832786f707a4434613577716d596a39756b73756a58546873657545427a4c6e4a634c394f5363536466753533356b4e4a7347524536334f6c4533656c314c36494a4d58497877754176634836584a4e456a5a3871683553686c4a4f43642f4f6c536737662b394e3165516d4f5332456469626f722f6b4a53664b52726630356c336375727648545272767a7a676f7733372b65375178675668457a4c4158437048676968682b4a4b6e67584b33425a36747541476f684a2f453772314534572f39676b513245574d6d2b4d55546d4c79317679514959496161503646786831366e4e4b52657757524b6e7278433958495830736476476e37796545692b56336437535362734a782b66744633636d7654695a415a61414c364e426734454378594437417854615454756c6c6c69683172736f2b4962617079795a37336e6871486537564b7067724f4f6a73722f444844707956745637664d6d71796949766a624f456d303052396532716d7a69347439536e6467613532383643682f50485069367a6631396451674e6253474f42694d39414e58765754446c4965496f6f7762754841336362336d4979304e5a477a6c7369514138326366476d446d79424d79554c59464d723466787242766347785973683856576135424d506f73344d512f6c3257586c3645425042342b72626e3369566e61344e427579766f53504f59364675327158456943736f2b42314958345a37446c4c2f3632354f4779796c32697335564c6e56394e757a4c6171534c4b4e2f6e546a716b42316d5a6c77666d4f637a37786430556637523549774f37554f362f70736e774b31746c476b594b397835686d7a6e4442465364724456382f6e6232745148434f6e646a616c5a6d6e656c57497a59516158537662612b477463327867695638726b434c6242482f305a2b52524d73583649304a4c436145704f4535374f433034345935376f626f4c4651307272704a35455641486954586f4d3432576f2b6d6b6d656f36426e2f345855685145554643415764736b4e793171414c4438355a36304272745152467273654c354269756d4f4375302f304c3071456854696c4576796e52763043454b4e426734454441594437417875332f4c3870446f375973684b45787a465378303732584e38394477483838702f504b4d4e37525677516d4958354d4e506152665369314a4b4d333551583239385067337852715373624274416b503353526d6d7274375735526651364257704b57346663524d37324c486f6556715647523249454645657a3065706f50724959554e3578374e685072476d34523745554250676d6667324e746541494f554672744a4a626c386a63553856384273306c5779482f4c5357384f59626b455868425065714a386565566b3075376869573966513263346b56597a394f43334f704143464e7a5356387a506d5957706d744e6e6c49547444316251377a524a5751474934394a4c3453363635616862683841526b526f6f7350322b4c544b62794d52682f596c487a79584f7a6a3456686b656961395a747048526739582f4a2b48417261593361477845355641484b42784f7144687a567a546e345957476d6c614d44435774776d415676797a4d36543636736232563870546e30594a3543546d792f61464158494a7a553676644f766974514a523449594f5642534e4e7031745167367765554b2f41614c467572575637466c49567752323369723335626679554e585457344f48546f784559455761792f2b534c6b4f5350696a6479694e55636d776968393534776b4c4a6c54385244564239787171414e5573714e426734454450494437417846466b6f6c79596545514d7457692f612f4e45574a626a674c626a3755325958724d6650372b6550446a5451467a79614351446644376f57466f596a6854526671305765484c474f616c4a642f326e737776717673596c3548433661535244626430447255782b766d4265433473686853523176485a543077636d7a706e394a4335537345756c79455a515770715a5953795977677473427536707a7246414f4c7a59724d575a7373655a58307a5839514f4d556736566a6848736344446c357757622b617a31366a6554526e624c396c496e4d4f362b66624a764656675864324c54766a5a6d5668315933425143515435497766666f4e46686872737a4d4d4672744c46436c50454c2b4b6761334f3966524956305a7162626b73494c595378705361373568483657444639344b6e31346a6b455777497a764b433767466a4a4d56375332342b6a442b6c796875585a6a44647a795864564e45773155364b51454537746e576268716b736a6930454274785a36795278774c474a584a3344654939512b617a55436b644f52443831524c4e79466d634b7941415661544738644936392f544f59693172365474525630664d5a4f4161622f57443648695a774e49506e424f4b69344730563877472f534b75594b46667137476c423970337167654d4943326f4f34446b75625635786767732f2b4366396e636f4b4e426734454465594437417768634e2f523354314d594a375041566550773761436c735532335665724c424168336265634235686e64485a516e536a464c42746668414e736b4a4677326a352f6d4f6d76414a5841524c345746777165444241494c5363302b357843466578537441306c613265556d32516d36764d474143796241735277325061484e51557130744a5a4f394142417a6d346454666b66356f767063714c3355514d47574f6b664c58585a2b65475632736d732b343169445677745632694f465a74566d4643797748767636504756317775596b39557a4f5a6a354e6663372f39485a726d4f4a475636306d4c55646b526f564a685270524363686347726f5379593468796e3767706277457a2f6e35436f49566f5971314f767744382b51414f7658426134597a6856783856695050565a4c682f337453714e572b464452436e6169474d4b3354463661657355625630302f4c6c68534277475a435a454a744b57743570497a6b7271557856727467634f492f326f65615342327a4a346d426c4254747a37767433684747756e4d665247355376774b7578474d70592f7253767758484d76626e59797167383742436170626b4f5044694361645345424134646e4337576d4c7632676f4a6271536b384449673459444c6643706151774275484a2f4b69453965376a617a2b73327464534348484c4c32636a3749782f4b7a364e4230344544745944376733392f464f4a62664d747a36496a30546c70426c76702b456a5a494133544b754843712b49597a2f6f6c4c746b4b663157707464697177682b2f6c4d746b4770674d45535635614d4c4f476365746771317930486630373979366f7335634241685646492b587a4a66543775327850477551536d584e4543563663647036634d3253413944574d645554542f41644c6b624b564d644c51523647704535502f2f4e4d4531467377652b524442757a4f6a4276566632655766496a425071354c46336142376c432f4e6255387179414a63476e47676274766a5a6e73546e6b38515475676234322b61534e524e6a64766671394a4d6f683976524e4263524a45426b556d755a49374337505946726c4e47417041354f4f53666f59624f494e6f56446156376553425a6e4c5772674c4e4a5733486a4532413550356a633577763476732f663057474c48787a6d717636365038596b76523175546978766179515267332b5270615a62456a32454e686872696d55743033756665525370795637445237653969754e59465679352b452b68735433376f6c42566c527463795755634659686b4b73415548713767706f724c73673937695352676a4d427a4b756a39695379676335725647685643355554544e6d2f46476c6c6c4a42494555464f4d766a3272776b4c6e6943424c2b32445878664472347650356e76772b7a616f42677537786f7931704d424545447638396f59374c4b2b2b436d4479673651726850547947486a6e537363464875362b44496b4a6e5179764c2f7978557976426f6d58743732714e4776697a6a6e674a544b722b6a654232734e64515a6e47415147354f6935524b6f3047696751507767507544696f6c43796c6d512f337344323952622f79594e767a70665a365737516e633457566c6e6876394578572f32456c385a457836356967627a4d57536b6b633244786f77426970674b61503253522f656159704e336730364c7859736d632f72793379512f64624c377a634f72443475374a3066494234362b7a4567424e493832534845356e75652b6434657279645062454868685a43534b324a4f436f7336675a442f78747177665377374f4f675a4d486137316b764d507455554442447a42436d7874762f494f5347392f674d33542b30414531756c33424a77543777612f31357762694a377a6566764a696c697530523574436c4a33716b766d6f626c54434a64667954587261734f4b4e794950374b776b553649575351775a764f725850576d7739304239756e59376c6958536f6e484c72704d74734c6a383149794f52674150795533446678774b55464f4c47776b446a4b734875387233346c4c76786e342b6a767841746d74366149655a4a51714c6d724c5543304e50436b2b58667131574d3332353056416f6333524f4a4c6a4b7a6c314e57397279384b754f56446976324f61376e37616a344658537173484f4571455063467258436e5133534341616c6c4f4d667a3832314e49513743797673547747616e4939724d41694a7348716b50764f746b36594e545768684e567566757557427459626a6e624f54423466736c324755414e4f4f5141674f4b376637562f6e515457696447324e334248306a614e42695945454c59443767345a2f424d365567542f38674a464871547877615a4f38344c6e4c7a5378784167636b4b446a354a305436572b68645938566e44777854324f577054334a424f6436557972563031484b4f2f6278384353366e3262384d376f71776b636b4e5476797973574350723473466b42597a3345312f6f65755630315770626656346d614a776154573547327a61623954345743466250486262446961586371532f716c6c6447557349773134314b4a45494550496565557363533051444b4d3271396a4938574d79547859322f6961507049436a332b3272625166355065537a5958615579596c63784872465838526b524439645472346b43704454586848696f4d6b7350682f6e514d735451594f4b6861726863694d4d6d6b2b7076527673726453356a754a64574a554f6f5178364f725337524c36426e7439545062794733444d566f6c6d4c796370654335666a47516b377970754e7479327867614e52714870467350784e764d38326754622b36504b64634a725337766e326847745756382b732f554d4344327873566d574a53386e5139497063386275334f6443554d6f6b6a6b453568456247434653343845777862624e63426a307a53642f6d674f39516e77414178742f774e764b414d38696a454443556c4f4562704e3143726c767371616c6645484f5357342f61626342447448435a754337466846442b76717172684551614e426649454561594437673331384d46344c71637174336b4e63482b696b6c71494c4f5a6e474b41696e53762b625a3973475567546970716434433330506d42334671306459376d634b7139436e593169564756757450784c3074346e6872626c54454270746472674a51533148684d71717434437a4d6637685a796b2b526a77716b754263314f4d665366356278316973644530527766785237717134346b516a51317973706738736d6e732b312f32744e306749583577617656664c336174506848745068796a347a32624954796b6748516c33554d646e6457364b6965412f34772f337476594c6f2f3456334a6b307153484f395a34394a684b566c39393842704e545334396a332b4168777459354b486256686a506247686233415165646933557977647a376a4d5a786a51484631364e4f6d5832515330552f566d37637670595566674c7052535a2b557155706f486b6648665a7a47684d4e7763397a7544425641485562696d394957522f6d6e69627a57733945514d314d3930415435326c7654586f4d694f48385461436f49643841346d452b6f4d4a707972357536617966787a614d4e3271536c53317a394a4d314e52797962676b4747526b7974795563707937322b67706752616463717a51767a44454c4e6759482b6666466a6468576a4b51655573436f67467637302b434e5975765848536a4f6f30466e6751536c67507544655861582f315178546c6a307773685a4974455959685a597558486d4c655331715377574e776d6c6578746d73707938576430513868356a4557717851456b32526e74396c2b4f374972644235324d2f4d42397344746b442b4f3844556342753539616443586b54796439464d313037374565563756666d6e5961427056313874534e304b4b4279573275496f7449545661524f386638586d6362614e5361522b77673343487246534f593856634e326f69323170664c7944506a583151484253727a48584238615432683543416637525a6e343648412f4964375a7051513865376c3762346f4c674642435768753370436c3258774e676968383765494f6b637675336865434b5675774439674a675a75564d7a796838372b6e4c324a7564694d4e32542f71424c3631662f486c6c6a767644624f53676d3161646f38565257686a52676e59664646766b6776504f362b383379434a38754e6a38506738542b4e616657486f6963615263476b3476756265796865543147664c706545546d2f47546442365645706b50786e524566596243706e6f75424e565364564d5965515067512b506431473636454a30555763754a307159455459524b32315557455679724b2f735a2f50524a4f30594d7a363968366732616a51567542424f75412b344e7663524f4765714633573672482f6b633573586555656837527a505a643433744c36736731474b74316e6f3139324e554f55392f73675161726145676c456c52696456707336464e796b69742f4d50556d2b6d50733852706d2f2b4b76332b2f58627956564e4e623155374f427a7678347a472f305871645167432f4d59666f416676446346486a38566d7a41773748396d3548655252504564455275636563314147716f6a316d69796d3868335566702b75754e64745966456873416b30344f44684a39447a61374833366b2b4f4c2b4a4b62647a67624d58713451576a6166686675454156524d677951426f5a6e5261516d58352b7a4777534a48394d636776686a63704433642b7554477441544b335756536f613037417a34352b58476a397047484e6678567838325047376b424f55473449755061304e2f394f4b6b6c6c3656526c766f714c5a4374782f43486e2b766d6f737479312b6e654d744a634d6c36735a4b767a714455554b7034727371743235494c396e3448434f36533679597375654b492b41305877506475515653694b70355749503836576d62333336774a4b7439772b735a786461626a6a46364562626d51524d3169635636694662762f3165364e42664945464a34443767334a38435954454358694e6748412f7574757964424c2b627563464b506c65317a497a76704d63376f67577639486a526362684d6f4e422f69544f6559574b426266664f414b7353415461584b794947484b576757704570482b4e64474a386c354f34427658396c7165776f587739622b35342f7231434a5a305a45413569464f56484d324d5236306d524f3550347865463356647877624e486f42674531474e645877373348704d775a4d662b314c614c626438352f414a6a394549677261664b4d47746e79494255794853784a464557755678684d2f5645784d356d66334e55374770397778633253337a695235334a43716b413470466943576b44374837464378335871536e674273694d4a47525632383839623545785270575a465a784f7173757937355a6c56434933706a456d33536c2b314e6249306a32646d6171316f73386b326e4a4c5977375350594273736b6e6e47566d586c79487454764b31674c4b574e412b4c4365324a717651356156726b464931476c4a4c7777334d71503873567a6636344f3974476f395845454256703344416f6970346771667564464f45334e656f414749746464385739574b2f3541487444526369724a794b6c44493836536d34576b6d6477683969747252356941616e517963726f7359435666494a73444336543534486245577a45676f3047616751566a675075446a5966424d7554506e39316d51524655644743393753364c664b365874615a523235796267325547725036707a43564e58764c784551356b4a7a5264636e7a414f523879484e6b4d493772423368746f616231326148547461306352795a52616d625765464b6952744b39774677586a58644a7561755968464667786b726a6161784c372b5462356c34696e6d384b483835776b536551573039456855786659426842353448557a46506d2f64596d307943675075556f4d6e503652356b57774834476336634d4b353173534975787a32737556672f58717578376e526c774843727a3159324861386d6d6d4a514852704a4f7877676f55442b4b4b445653576251735330535175336f55414654756242614d37696c347076384f7a625954785448356d5a4c62706e444e34566a58384351387852756f5133654b4f676d3967695537706b5a54477458347757654d77514f776f775448373973586c682b7a6b7a4c344b47537377626f38615036665a717455686d53545a466c2f326d505866546e3673664c574878414e34683275445243624d5954336765526b5176465932766d6a6c587869576b64314434526e716a673738464932336d596b3147614b385533554a49747449466966583643623571733473474a71436d5a4c344c4c42464f7349317643776934594d76304f574e646f65425146696a455a4a5557385671694a6e4f375a733654716b505044434c5a52597967754f754a684f6a51576542425a2b412b344e34644d43556d4d6b777a3072427536726c3951706876667a7765443751793470614e7a5531434f78333148684250345876786a792b58455a506846736a58637843375a6c366b636a6b6236664f56654863535a5044516664564a366f6d4c306f786c44456874524444627169362f726f42394a494c33435a392b726f646675706c464445304973656941464672467241664f786a725857506f2f352b4c565461517751324363733141534f2b787347502b6f56764b6f44416532616f504d4869644b4c5446506279746f2f4b563047686541564931477543464a57393664646d4c4e5a7170635832666d78544b7357417253715244552f7256716d57534f354e5132643979595665436d3863714a7849744e705339426f676a4a2f4a4976464e72774c56456e496254775842393653764374754176676f4d3336376938475a6555325535415156304831793550704e2b41584335673878716f456e6877362b365a705667626f76344d4a6e4752584f51456c6e506f795957743952386f5761503945566653794c457a5675534b5348664a4643616a72305961517370613562486f4d32706434642b714371542f4838496d557a465679673662654e3872626a4a676153413945782b77525a564d54354964584251412f714e42746f45463234443767344b5a41594a5046436a3372477059315157305a626b433750357131486d6474436571687563686a4f454a37524b6b6a67524e684e744f6b517235353975445937746245704135584d62324549684d6c4f64394d33724939624b366d42337651514a667553357a77787459746f357755674c4a65566f337649772b3057326d536e6238532f59336f34464a643330325430337a57347762666458615459596550382b752f6c2b7167304f54596d5865554a676543574846626d6a4b765a742b6149316b5264654f6c532b7773426b7533784f336c7835326e685353336c79656f77754348706c336144684a2f6f4b75636f5171676d4b5a56736c37556f36567363564267666e53513638787944425858745161726a776e446c4f316764754d517946706f4655766c7133516265594f56424e6c655566627057555a314361626c2b485a425862694b42636549373235745963595547587a387442636650574d4a6e334f543031785867437670494338473232334b5537616142462b51705734674b45444354597a6134353066647747326575723466507a56574c734345724d643734702b7a4e6f68626564724b4971646d312f5851764d4177336f695a417a54487974517a6739314a5a31516e6a4a76472b47763530476a683346504d55627876596e556659323438592f496a303967415a563655336173454d4f734b6e354b2b664857694d61382f615276613275424357524d4f5550493539552b5a7669777256676c426341687445734d494d5a6b34346c4a72616a677163596e74373851614e42666f454746344437673456354258745a31634b5a4e4a6668475574736e7258555659617135627158545a6d70672b38686b476e6c696856536769547169736858594e565648377842612b6a4639574d6a3358716674384a3544515a6e6c55366348744c696b6a7635584455734f3639694475786c3952497348326e6759786f376a31516c4b7658336f586e7a6d44416258785143624753414e2b7849474e6a63316c2b52353041324d58654942503951377a76794c336e454e6e6c3577416c2b45566f37464742555762616b44737970634e3772726a48466239366269553348464538372b7a7851624a347149396d7051697850557242566c7776746157514271645749682f4d5961334a4b6567386b5837636e624c42327154694339542f4479686b455944306f7545486a4d5152554243473775763454794a31734d7641654f43724878763849687675386e4f2b77396b387258536534616b344a2f4841477852414a54384c66424f714d6871474f30636e644e6f647444624e4d524534522b36494131725571675932686442736867655462624f484e672b45316d5971515733783943613257796a2f4269377a42544e6452782b4a63497933544c763555775755394d6f725a444276527868424f6569395475382f44753261755452386959545831396d5762764838466972616950657931417165514c7a79723177616a51637542426c4f412b344f526c517177767a51755764366343333954312b6e69307935746c456b4f63576e45632b48537857342b6b37493768526178776d43333373365863647445505a36676747784849704f75677855463147734f682f6c484d782f6b5570704d52334f7a71364c59546932567071305a6f656d543868666e7837704e414c52504f4f665a79346e73687a53636d746f5a383547516634563150564f346552643630706a77634179436c704d5834734a78703059496339394d324d2b56536a6c6c44633559655746397253536c4b43634f5463585634552f6750416653713951637a6c594f794973472b4e44433136492b6479445675416264712f326b7269647063385a5a59474874683335426746464754796331514c414d6a6636695041434c30446a624c6573684d576c50385241685a504b524d7a564b7130393575557867752b53596a6550487748496a377234474b433374464f66754c366a68755641623136334c4274514f4947744c384953634a61666d6b427871765633692f6c6c41415454504d7341415031764b4b7737507266546732376a4e56592b397a34674d69564539787066676b52464563517042423650504f394641477964714e6f505277716a3658436b73312b6e64736b734a6c6945705a4434746d337746674342343436535a35644876613450756b6f67774431694f6c794835586a306e3939557a513838575655316e4d4a3273617a537a50795756526432527869525747337a72516a435362796e564b4b5a52475259487273533039656e6363616e57466a77446c4a51654b6236534e72752f4f71486d6b7674376c4d424a55634c716e44616a515a7142426f2b412b344f5467445042724b3375526e2f73694b45342f58322f74365032426e725754643233657234385a6e424777587165724a495461555578714b506c682b6d374334764f694e5a5172484d3356494759716a724369764466423132464b66626f6276382f704d6f494a507a7a5759632b4e726a594b396b6b315862775778464f3655677a787369636a574c314854364f7676437057547732312b6e4f423749686c68664c6b41523533684f684b625066654f7049637952594250557847335065725852455a71356e357a6f325075496f5762387452614835724e4341784f6861696b416b4f4b50656a315173495452634a6571754641385145334459427753323369374631303369736c3473494e306450533475333457534547386352326d777a64302f4c4f484751346b51565567722b6d44722b753950526f35546345416546574c474176394661542b6678433566316873577657484b4e4e34374153307a4f726f6a49545a30416672417948687a67524c67544f71554e432b66786a54697a565a384d4a46654130317a2f57793272636f396d6e5572747a626c42716d597464782b4c68532b4e755768334f65504178674c4f756f6474664b7338714f776f746652395a634b554c5a4959485172386445665636616b6451556b36394f3141595752724543694e734769473573737a326e577a574b304b38686a3056546e48785a6c422f6d413666554a73752b6c63694634475065383043396953614e4268344547796f44376734422f32304a356b6e48544f74503873785a5163704c6164744b4f6e6e534c714c565a694b61695a524f67716e665a324165737946667150324a45555948784d2b50306f74585367754d74615a766f556f4378706f447550674d6455755a79454242786d444e4e596153507142536b446f59325555376c52485a31542f3734787978557734436377744d412f4977613251446c2f7a6b686d5931354e5241375266394c30397965656132326f753148486147677465516b672b753442666b774e715965574a474d4f764778756855344232414471743249683163534e676a74775054775652714b34427a3254444978647a75475347705373674b7a45475536545a5a515a545971546542457a697733715342657a4f395863784b5a576c6f6e716b69786c4b2b2b41776c6f527665784530316c4852784530524d724a7974705178365836434d352b714f416949503445316d745356482b536c7a4e794477372b4833676a5967436b4d50322b427932414d533779353864713461342b746c6e4c515169623856514265477a3754424b567a53564d372b344b574634306c5939312f5037564643464656536942696f4f4a316e6d734f527362534a423834706439544c446a446d664b6f33667747664c2f4c6f44537274364479594e67456d2f45564c52506264766e5a2b616864426e53477438582f344930647464324475754237716a51596142427761412b344e2f67436a684646767156736e59612b352f666b593764414d6947354965714c5a516339304f346f77746441336a63395536346d3755775a4f6f785651664444756b2b336a377768656e636a415170514b574f646d6266772b355a6a42432b70543556496759426c3730766b6c47784d78365069642b33734f2b57724a756163414a696c6339397068636954777248687775397241746135536f5a6b656e4a444f50782f517a2f474d4c4f76736e734d516862516253654c636b312b656144344f3676615536304853306e635030526e4468564e6d56576c746b64432f697278494b4452516e514d6d42747662477576636b47475842514c666d756d686b44434668714334507736633141465154456b65553777316c63777472786c4e5350686666584b684e53593938325450724a53454138465a313734636d75473172754778453747514d6f7a7470733733575a4e507a57776f67694571595030485957565063513438676852383970675251762b6b7150666a64665846736b31794b7645796870456d6c694c626c6e6f424e70657871655a6d676147536d3979784431457838766d547955707479376361485074724f73554c43556241466c77747a77414458347a426e44646b594132565339342b6863457a554d6a7932794859456d7a6f5943557a692b58747550487467644566694556436e6b7547724e4531504a63536a51596542427a69412b344f4166356d4666446e5664422b665570596b64634e4447654551376d656c573844736f337664305273394d7169653659616e6756722f30506e6f536662676b61316f3852374778424b567936544f67517057436a694d32637450505a5a55594e48794d627666573655795377767a592f76334b653756514961317838456a76786975524a4b574e6e444e3179507135705673657255686b2b362f485a64554f627a4639487a417a6e6f78586c78576d4c7472434567506a4764597456754673654336494c736736476679486338526f6f5654376539464e532f524d4e47776733726c4c4e374e536c754c38464331366349686f364b727a4d776c6b7453517a54617141745a7354654277474e7258626c787a502b6262574e4d6d78426536417051733056774c47575a4a4b69545870653867424970314d716c494573317443747077434c2b714e4844614c6e4e666b74656636344c53575336334c6e63543030516d314537614c45304a55577a644a6c5677534e6f464a544d707a586372514b30494f36593245647266484b766e63644f2f4370736768306977706165724465512b423768346b7a5241433378334e6d6d784d6377334553485177452f356831636b654559534c2f624674332b6c65556d4e7a43414737424b684f5954627243627073337946755271442f7831305a476d6a31325a6f6746772f7947343934396c766f30462f675164316750754466332b414c392b584d5549463374675a583730696753427878766b5764473637555738353641574f55384e4433486934316e4a48375046696f79394b4c4f313869374348336f574f596f6c2b36524370612b7447304b4d6e4d7145386e7a3677743674434d316f363872347755794a573936796a676d686b48566d6e795476484e7738793546455a6c38352f62657349754f35326d66394d6370646e78453034676274504247663053445171426b3968625150383570696f7774366f353342477a4339417376735946636f5a6b73562b2f32336b71496c2b5855326f5069777273446e616b4f766861554e3651314e416a61416677726d78723647512f6c2b66724639537963354d5073492f2b5078436533584e2b63516e6e68664c534d453169456b4c66444d5648416c6c307959694c627a4c396d79386f426a373455544e4c4c583554386a56414953354c4177523270306a765269563373684671596f7670593337786e484b316943454c6b472b2f4e63757a31616d5774697262704d6f7159533053694c6f52446c33564677796566386a492b67532b7a3169317064524771665a725636724253576266734d4a54767654346d4f6e3645674e54797278316c446d564655744c4b66656d48434e4b36324678587364517858364f483471723175476835527067326f67416d6d4e75324b454146796a51574742423747412b344e31637734763063756b4f5a71345859537a7665516864552b633668484d626c4f6b54782f42616e6c434a38454e744b363250666d5045304b656d78754756414e7341444334342f53496e6d454f51455762466f4c596472335142386c39496a596e4837657332326e5173546159317768735547576c70526f416371756c4b31742b6c68304976534c50315350774a4e4c36774a4763457944706e2b55426668513075665272486d6f4879682b70785549566974326f79474e65754350377773596c4a6f364b53304b71756453597673304c65586b634f6a565432725371783463357a325563486646616f6671584264793444574e5a32696c332f79716f7770696b7433634d577a51493138596c7a5465486e397461584f3257566a4e4651676b6d77514b6a4667476b79587631462f487147547439627134644563487051426449556d31674c784d2b657158593977585161782b56756666656b7759576352376230574458415169534769416c75652f69444a2f715075396a386f734947434d2b597561536d72523434763755764f7a3050314a424158506d786162456e76326b316f454866335473353267767a617834424567594a7067537a695475653978556c4a347754495236794d4c6558714e42534945483759443767326c754564446b5961586b594c5238776c447a4c4b6f544141586671556353552f666744734f456d51665853434a724341726b72314e41333078573972636b6f306165532b643562344b47644a7930427274326671644e7a544d6358586168534a573956796941356d32663377645553322b4e3671556146444743644838357a5a4d6d3678633052617379346e623746446f2f6a6b4b73543338413367757470755755595933306e356444567a5752786767334c386c46695866725044786879344a5847584c6351696c3865767a62306b7038476a3578332b35686c326f3166706f4543397133545a635871784c506e702f6967596e73496f38573371686e594e416c794d784c72614d5655364a2b796478566d4b7979326250443534424d2b574959344471504b796970776c5a776e374c72487851344c495058743334646d6844796f77516667744a78333045667861364b58442b764d524b7445464333485236646f526f506a307432614e3577657a796f504f53724a67342b756174363976746a33636c68764b59646d766f4d65332b522f476e4c7355477677544e433252775452774862486242764b792b6a5158474243436d412b344e7266786a747472767133316a7a3254617a75624578576f4b6c47324a5179754d424b623848354e78556f6c6865366931504b48384949632b5238724d7741714e2b65624b4f78466563704f566371674671755a614962364a366b4f3237356a782b45316b616768534434775658377470714c6b2f616351735457753578304562744b4879594e384b5a6f5a49796d545558427235466e766c39574a5451506759494c5a7747613677565536505871707577616d794c4e6a386b5478616a6c4e6549457a63654d447168336238306379504177565351534730637a3746444851617a37737861526764313666624b75416839454f39592b78366235392f786e4676364e6a474745554161574e736f5662534f363373316773476973325773437179326a48485a6e67573445437a676d4d506a59506672586948444167653653724e6f4f43547576536e704a6174564b767a522f55676b756e57582f6a66376139703034614742614b666c316e544875684d34703235395779747353356a3744724c727259684254464e2f4556654b4f5463454f436c30526873746a6953336574566e55336d3379557236676e617679474f69585356566267586d586d4c444170763570723248764b77317a476e4d346d694b5a393544436a71626d334d7a5a3549515459576a51594f42434757412b77507372544a317835565865574f4c495359356a6e474347584c37655358446f4f6d495752516c556d2f65527343355075444f537a695351374739424259587266664d7359444b4e652b7572614e704f6276757672666a56626e662b6f78444a30764a74695138454754664e7235646c4b37454730592b736a596b42372b45416e6e785a4c4c76722f4f494d5172394b3859386b6166536c526641625959582b31686e644163463756585142373941573351566e637865615a4f7a4f4753754754307148422f4e57545137785a376346754b626f466f2b2f3339634151376d2b70392b35614f456e304b2b583775546c646233774354447a7a6d4e717033337563374c4159333269355a777733776a39725652396b7568487466415a546535794b32473154705a46634b475164667762314a5944414e796354506451343577314b4e744448344378673849664a46374a6e5339694a586445375a593155776753567230656f775352652f4d373941786d76354d6d7a55746a6475384839737538462b4e646159584b6c4f4a555a634c462b426156364d5634644c42533462366f6945366d65676f4d556647504f6f3475352f5836597a6f48717a352b51486373756179423357424766374f45423954544d52546358647132586161796f346b59416a5747456a72434f72354e494875753870464d56597146476f3257444b6a51594f42434b47412b774d6255454c516e4473566c2b6164634673784f594d646974355a2f385666446f3643676c45764646712b326e44483650754f597a42546566314e5a7769744470656e5034657a5636646e466f6e38674733676161714e416341677366486c4c4e46796b76437365654f3848786548784c306d44312b41494e66456f3551647656636b4e5172647547536141686866466c2b5452512b724e4752367573363137724b35786f2b5066504e6a5044584334756a4a617766525943546c4957334c50584d2f4e566c774d724d444430395a2b6863532f534b623573564e6d763041444c306242524a697774555a34423238564e6c374a4d775a57586253354c443178416e68793164664945424a752f39424c4f694d79376664694a6d75797371614f47507347787433786251764c5a324b4d2b723553526c324e76512b4e61372b7065462b6e4f62306332564f6335354564756c717167624b695a306f554872535861366648446c7632313151516c684c3269573035494b4947623068386861497a474e3469316d6158612f6f2f44694c52476278447830336d535a73542f53554e75504e506f34696f654b73706d464a4131784d49574f536c454f5176674d366b6e574e7837516b695667386175697a547970523579524749642b6e71724e7a694d304f48715279653566374a534b4333694d4d53536b397849553839672b6a51594f42434e36412b774d4e736731374557644a44667061435a6370636562343841304a657376566e4b745050743365723976504c474a5373566d5a5a376a763841312f6c7447492b44684d65476a435a6b4645792b4e44534e62474154746d324b5a6c7746672b577553363464725378356e674b6548766e4a3744484f6664774b76516f4b574b6d423762556f34413774526f6e754535634b2b3234562b37793243317449692b494e5a7a442f674e6a4934753679714e575075665645682b5758335a75735156506e324d5a68323838684849586b3566674544675a6a4f506f614c794f34654a4a4b30512f4b6e6863435a374d3151794a6d6c776b5a5a596f6243714d6e7741672b77784f78667258434370544333777247444d52594f63686d76504759615a6d33482f3230544f496e4a4a4e74446a63685157416578574f352b6b63434f62305146674734646f6645304d36647a786a33516f42526a7641396b696b2b694b745833746e6e72356b736f336e74647572772b554f6b2f2b52366770507859316677656f5177506e75672f6b4e7337756b524e4566755148712b69666464353066363862427a6158385435645565366167696b6e506d4a735a4e736e454f466e643858534576792f763252784a476857423569784861776359504b6f4b6b6b505151515334615838434f4f526969576367353930367a6e50577a41653848366a51594f4243526d412b774d526f4239482f627a6d72695157302b4155696d4d6f32484d5274506d2f53414a61684a306d4e6d4d746a4c4c486233412b4f616379746c384e4339384f5666594a74323537517150634d7a6d517733303333704a6e62376e76487a6f78722f5a676537675265696a56416a4b455275716b6977596a5137344a757047414b314371437372734b545433754630736b702b45314e625a487467454c3635646f6e5a6a6f6435746d545a50464e2f63595465343339566a746d6775537035357553367a6e50704441576e686535674e45326230714a507966394b47556c536b48492b6e7764674535624e384d687155574c5179344d7477374a7943362b36584757494374522b68654e2b36324c4c69643533366d624177332f635a375950577062592f304f34524e6934584230444e6859766438423576542b4235542b6e48576a4a38434f4b6765594e59636b4d6c2f735479776733547a59306c67304d6154553779715555686f61542f326871556b536a6b6d55536579796a4862456e375a5745506d35695473376759666b6b43523650366d43384349456662384d314c416d7671754e797a4b665059324445335a633642782f64565344747945577a67314e34474e3173646654326e334f45466c2b4c62653976676576634169757155746c636e592f71796b6e352f4f3339546f4c444735436a2f332b4b77636f476a51594f42435657412b774e446f2f7749487065616166642b46685a4549553573565867645747627759486b74437670384b694a4d39676f6e5434494531694e2b645663563047685a6e6b6c305978356443367656534270682b58316b44624d6b534c654c6f7551304e6b6664412f6a50587a4d796b4a4562494333457a6b534d4e4a41365646432f624276586743686c5163676f59514732566e52657a7152484c7a534d6e7333475a7a524a6653645275464747446a724c6c772b6b357234574e32644d5741684148517a584c3874452b44417570534144504264374130545a697a31644f386a6e706372707434676f6b6832416672582b31676e73656b35475451673673794d31346f6b324d6431307a5a58545542616c62575776312b4d38472b73614f62765258707779523931567351743236705872366476344b6335783756367a5742766543624b4c64724454335743324c54524e45486a6f464a62365850564834453539553978494365656a6a4856574b43317753416f37585276526a6679725379667236615059793451587843524b514f4c72495a48536b4f706e724461556a7235636d6e536179514669706e4e33444e6f794f504c4d4347396f4e6e3949636b6651367845547849487a487967646563545565416f684466653471444b2f53764a4b4b61506658424e682f72796d6f4d4f77565a63557359614f7a4377434e7a326a51665342435a47412b344f4c776f6858396654546f5a656f4855313647427a4b577148345449554a414d55535a356a62472b5670422b33684a362b4679595851776c6a6466576d39644c4b686839657936674739484b464e384c6451475173626e6c7a314a43517877456e72684974306a7a53437a2b656e44525361785149556b6559534f717a4f4e5a4e56434f35444d4c4f4762784e39516d4e56354a6d737137427969434a472f71627437594644786e65506a5a4c7134314c4b623246684f677342676b324b6c4b773248557a2f5a782b3876564b4c7138733731756a674f4f37663368396241706d68353165505958626c6369754e4e5a7675414f42754e70626a6c385a7a6d4e6a6e624870304b7a4b5971316b7648496a5869594f6c7646674e4337466d6a577866756836784679436d6c4478746d49526c73455233566550524430334f7454375431366e65546854524d485451334f43565138766a7a4c4f6644783435324864366b7668553442344f51784c54734c562b363246565376466241574c53463377594c4f2b6475693434682f4c57755a6f31617636776f75323565476171795368633262666d3170676a487a7956453133394347426370644e4270314b316f417548364536734144414549737a6a46315863733052716a497736547238467452574e7278716b69384e4d374a524c712b704970574d72423670465073525757705a487135784a73327a307341726835507169496e645a684c2f4a6e316c45534479526459506e38386e6a79766367564676354b436332566c4644455445782f636a6f456b64584d56714f365473787061614e51712f6e5854432b436c58795956687144317644595a6770566b632b4d374e76787641576559577566586a73384b49476c67732b762f5443386c53456642383558614e426d49454a3134443767354741684751387a5351322f4d6c356831337757494a504449664a334577517a484a54336733626770316f3474597a676b43514d344b55536359444b6e56556b7179516a6b2b644959456444696d6c47455a6b45376c5056772b5058343946694150324f70426e584f4172623652784e6f68666a53556532392b795454324c4c51536c633752313277564e32325a354735637442646731714d2b64736d776c75663836324b324d6e665936376d5a3745736d3365454662364e7a6b7472486f763255504c41375a366e6932307041744f77556c55524b4e35327733784a4b744447455a72714437506a57566f315343334232364c53617a6a316150725258765837622b647762794f376c79446e654733674951676f7245566f4d78504947764b3759526546306f774b31334b6a4b4a7170624733757239336a42556f4b544543697a763030386c524d6c4b6579706b5a70704b715764384f6a392f49564e793171694c354f4d794170447971514a735236434a7838556c7354465371775266635977623532635031707a336b747742397a584e64483953337a4f61487a39496a576f614f436b4375646c386255396c6445364c387133665774586b6f666d795965505449335a4356556449494c646d2b72514134637a676f31556c7243587374556f637a626f38797130683954426b356f564a5450425977547732562b474c616b4e6f57435662453532714f33397a5a58595a37724b556e364e426834454b456f44376734422f5470464f7178585830476b6d75713275624d4963374d4a57787433306c2f4d7173364f34454b7346476a4d47487933494b6b3276617a5672595a3749457946632b4934715a304863427862324f57746231776a36557068374952496d336d506b6a6136707a4b6b4e745a366f2b35505433426e597373596b2f62417270734d6c5a42614f47702b696478386831696867355874474a6c2f5a68574676513257536d306a794e7a56346848794462565272746a472f4c6330712f3036705731455450627459677939645145455a41636f554643475833724f3964324550466246564c5963656a5042466f74776237794a5653434a36673336484471514c6e352f723143674252414c504c3749514e7041314b435a44725a3750554f362f46524161457a38334a446c4b6b7165306739745945793752634356583939665265336f664c43754931466346754b4f7550494877304e5774537257583452715247704464566c594d2b37376f38483354735343677949527339726561612f474a2b6f646e7158306749503859734c6b686d42513943332b36645442324149315078716f6a756b342f68564a67753743345132636246306e3471366d555975384d6269684761577944713044457a3479764c776b30317144724a4a736a37332b6166424974584777784c445741384c46652f4646644f376c72776f48636b44376c6d74716a51596142436b2b412b344e2f6745704437662b67574f574f426961556753307163327238716e4a6172346b572f373661716d555677434e3930307055317447774a2f307761586e6f446f522b58774d7342362f374a514a75752b5030447677696b66374d737333535259774f553751594d6d766a674e686c656a2b5172583964354e7936746348724c5132514f667338305049324364552b4c574a434e55526b696e592b3163366c792b696877534f714e682f4356304b44645a3661785a794854594b6f485534566c317233764d5478585952614a6b46673238533348746e424a516e57684974474f6d75596f734f3138336d79677954326e7642423076655549445456586f34666f4e44456b2b6f68775a3271692b66587278746a713366634d38502f63726c7a346672424655394c53572b2b787638447672674636444f45454144505753757a514b554c7a317a477a6e4e5645374a2f6c4345385648394f4b3448725454505548366c37635678544c377370585858504d4f584645743157764e50412f3853555152506d6f7369585446396a623351334d4b335133684e303371324a684d7576642f752b62506f432b687a6441692b554e6f73496c4e432b6342556644566a326d72475270394965366c416f7671537a67773655684b54354c4556426a2b6e4b39647a55364d374c57317361314f67324b784369724b687a556a71483061706f6e53796a51587942436f75412b344f4166494d456966524c69645a77517266332b466b324d7449383279532b444473766a6339546a544941686b34646c666a576a2f757a50773071366470644b5873694d49614d4b5677724f7a646764637076366a65775566686362345862424e39717344344d76794c524848326f2b71765254444b432b66485a48414939536b696a6a2f547057426c5575497552765469372b4c4373616e522b7761532f505a4337544d627741652f784f366539436f78556d52554f7347714d6a6d78797039594f314a484e45645347595775394a4369464e373853486746736978636f674b6e765a637266306e4c654e44384234657a2b747858392b317475446b454d5868584b2b68314f536e6c314347706470647a66355150436a4a61747a485555673046485a5358706c376e66774475613833726266595a7959724a67663679422b536e4f3232526e6e2b413163472f7865717043715238656b7355654267687a39726655686336552b4b69566659677a2f6146447642414f4b6e43737739734531482b7874327651664d4b556b38442b415276704c57584354355067452f6862766d57645063466a794637684264626272752b76675063673236677870465a45616c667176786a556c35766f50544a43546679724870484d6d62334d655a6f5a61465937506d494e5652426b56494763744c59656a4b4e426359454b7834443767336c314370303645616a774162476b483058507a557a573659776d684e4d6e703079625232794576546d3656597972732b4c6155646e61316b392f51762f65726f43435a38694d5a617a5678644750765174554a5759702b48546770482f6875797168777370344748446f6b4373612f6e35397578395353672b734131795538717733663166464651475251306b586855646639377a336b31667a72733457382f336261525a716d71767370474f6b3643724b56362f54797533674b6f512f5169325a6a414d4778706f4b42346a48373970775931547245476e65703232687461464b65466d774573534257414d305733326535462f63304f755735584456352f2b417376634f5a30314a31596a544777596f756e496b2f44314f384274724d79734f6a62467130516e464377543077482f47506d36457032515373325236313841675139763754564d575770572b7732524558624d454a714f4464616a776e766f507673356f59766f452b6a2f6a584d494d673756436a367a746f685932767578314b345473304b435049714152664d386a79475a4d585739613367452b4e644e4b6d4b4e36313079655847646e472b5847625838344833677637376f4b746b3839396c48706e4276647241444274485065597644316d436b6244794f39516b517767714e42706f454c416f44376734654e45325a766c47306451466136524644645154636f4752346247743261442b3956554d69637630364d574d6a7a36596c3652587235656c457a4f6c4b744655685a2f37346c647663795779664b4a6639584879396457507930347358496e616379316f52796d30777331506d4f7031576f706b64505331454532747a725135565353664b576b6c65654143614c74625868454f50736a466e7733484239373261614e34684a70466c6f56736e2b6a41323473576c33713362483755534752623377384852526b483946576433614a784b6f50527832746366335966442b445739376277764f726867594f33396a4b584470436e55307044585734637033304b41626a745259524a4551454d73516c48786e79382b566c6f6555747564376e3650385a366970664a6f54454839374a7961712f63673673613641506b6d624c4c475931363264772f7a365351596f7a496278683650705271636f4a577055612f54517572383578634d3730316f347941525641355137396457674c77614d2f4e6a587249696d2b4b7a674a3230544548665644684f595147396651782f6f3756674f706c464b63383167796f396a495843475078686776697049634243415953782f4173457a4167557975726d4e45674f627278627966676f34496f6a6d326e31646b6232774e524f42576b2f7672754632467570734439436c2f4d43345a4c343647424f54565369715963784c5a627657345071644d334233354262556154713756734b79427456556f3047486751732b67507544674941716c4d7562544b323063473776363341653046786836795264686a7979674a6134586734393844494e75766c3557544d69394f6b6b522f7a4877634f706e453176694e79724d6b323777435039556764454f58667647452b4d637474425141302b3141386168412f45497a5230545276654e6934472b717252353656496f6e5935367a6c636957633333486a3452415368426864796d7758434538474f774c63764152557837374c6f476a4978523272303055416132496e5030554c5a7550352b61522f517968696538385a503770374276416b6a7551654e6e7972594d79706234546a6c79764d4d4e777953704731457963633573386e744a762f5a50324e755a5755785a76386f4c643762533536584631786478766b71353865396672596a76545a6d5857764d455149366358586177614d3859355958396e726d335177686f636e484f6f4a352b704c434348792f775549325470426d47445a6d4f6c4b4a416e752f65675a4f472b6c4a6559756e41624a67302f556543694e4b4d7656424551626363356c337331556d48577547616174613153476a6558663557576b746744725678524d3875506b71446c4749742b424f76653156714e4134755948793271725a4d56587141415861736444413642616841376e31527a676b6c716b704547347978427a49624863764f6d4a734b62786d586d5953476e49487a4b4e426834454c653444376734422f53317278633478597a746e73416b302b4a4c7637354a685969394f64612f442f63493452545a396e35784f5a707663766c6833514c42763664386f746f436865687566796a585344485739433367595a592b704f424a34362b455957617965522b4542504c37565331717a4152435148394e32544f694b45657a6a38594463416e746b63766735797377644a4d53696d7a334169375345386a326b4e477a374755502b4539616f4e31764c597054716f30547567387155397834396642584b56782b4341394372747663397567546c346b7a3336304a414b724735434345674673594e6833794b654554346b777431777575707463494c5671456a6f4656735036434d305231464e4f6e3333654d44336231545a7553566153487753367955525354545436676664424e45437764496654413646634f6b54525235706c5a74536376396a54766846652f5555736b61613432715a32684e5245333851665533504e46342f4e3172784a7862667547356164357662674632706e744e39636d6143755365787055494b513275334a6846427a4e2f64576a37796a6d537558744c584d2f75415534625063694f7274306d4b653251474c496931726d616151746e77616c5261497a5459556157466b71485546523941334a4a32723366324478796c4d6b785a524b30725971455754316c75737a6d7247577933502b554347706d6a51575742433769412b344e37645336397452474f5a37696f66615a453255366a4954752b336341674a437471494777303534587474755063384852305532436a75716f6341626d39786943306c4973467641672f564a46487a66352b2b50716b36673335566a356c564253513062586d6d4848664179614b4e6d396735436d4e736c31796a5449546f6c69466179717444694371686a6c78646864776563573175587555507152704c366b553471667a6d414b70596462646647425577706a44664f733870746e6972504b336371354337554f35506b69696e4d665457676948527a7651517750717179684e3642392f775852626c415834657843574c49754c67675a78745844634743757349446c5533785549356741666f7945373068645a726e6770613744486b476b706f5455565341656d326b7369506b51742b637839706b387947456d6d79434956354251796866366f7834624e6e54624348422f4675465470525a76676570717071414d48354f55423463335554374d357264426f39764f46504a66794b656241394e6c45357645773256757066553048394e78584c47356e54334250336c4d7533376c39666e4c44794b4c6a2f44476a3035674b7361664a636f6e61416d53304432705a4170417936766a516e4e42445276616a51547542432f4f412b344e6d5a6867745a32705077486551354f6e5357476e4c644f353452464e716e6e73547156592f7a2b39616642593250666436536e5433325231746855572b754f597952506e6667505946504a527357534f736262656d4c4c67714933395a5777655a564c4e647048784d6855695249374278356770765168546c334b464f6c4a6949675446636a582f32717732387033307733792f4b4e42787245346e6e774272656d4c462b4e65774973626435686e67353231636678396d6a4c464d45594c567433454c354e516c5234585a7971634c5475612f6769755a342b56726f664d617369306a3356312b38575a614f72594d3038737a554e54615332475a586c74736539686468434f4e6a65506b4e4c4c76446b7759597a774841625367332f786c6368656c314775616c4a48436a725232474d382f57656d516e5054647a566e43594c78753641357a384967324c6346635241383862796c6d444d776f4e6442616e472b41494d6133484a42586243587430646654757978563938784c4d6458596151494654646d6b5136755857713071477a7530313636494a4d4b756a51584f4244432b412b344e74663443556354322f415063574e62714a56376c5a764d3231646241436d2b567879716557335670536674524d7562473775373535456c662f3369666c3455655a566e6c423463655a6b6f6d57736f52635245736b37786b634c7668432f6a646d59615878666774355664344b37506a324e345a50666d7630374f6e6578695373733333497169744678504439514b346e306a414e6d667231757572594368517771552f6846654b3632347249367531306d6166364d484931597342545233395563447578537731314c4b623833554e387a747a4c5076476565687538632f5a7679395177464b766f3273775858796569637339446336426e782b614845315150532b4a622b3651702f6b737862425a576c622b4a445975354b77674d4e41505837354135764f51506d367644584a39456c4666387362476f5a77362b423443353168594e31366a5a52323669733355655a664c305148417264737675624a397065416278453338514f4b2b544d43557131693156432b475867477349634b6d534b46702f3943486a547731324f4a4b52745750354c4b504261314644684978562b34646252487048346972716b433532397a6c4634337059526d53584b2b6d686a34756871597976474331547851414f584c5155445868386c7670456a4231724b494f5766614e426734454d5959443741776856544d376d4e4a546846714c2f7a50666d477330614f6336564b334669306d74616e3271697442503352644e443849542b776c733050744d4a533946626845696b45467a666a414a76473233757749514a6671524753344c4c4e6873523354393436505133554e344969364f49754c53366470347a305a65356946337378647550506b674170496e6d4f68676b50682f50706f5662514c3542746253364230752f7245544c41313772325951424c6c527851683278686a6772717036394d6b32597848625864364c55626f49356876716d424a6b59516a7867416f55415751434c783858387a4d50775057535a655a734b737131385156535871457031423230347138486c4c6f427452486e6a54733430326b51754276326c46417947325238383269624b516d586561685644394c54496a49714f6f64516f44674f697976596941706d657a6e4971636e4f6a64345878454a74585363502f494372694c53707153766943433941314666796866786f67555a50715735394854684e58484861574745444c6f506c4b71436b6345716f6b6a636243796a584a7174455342476137546f4164303448354e72377844364f627879627130534942683756472b2b4a3038436165445345467078374f546c525366486a796c736a314b773571447774436336433738596364726f684e6f735469396b464f744d56516e714e426734454d6e594437413043714d7447646c2f4553566a58595a595641546d392b426437415a4563486e76735064506d455538754370624b2f7635514b505849424a59683458635378395a313337454f4f6b2f75434e6e4231646c414d6358333842526c48356f31442b6369554e394841386b656176794a375a4447736155763954326633502f6d5572627341704d78455a31495064583869484c7459333147366d6b55435755484b717a594f3141714c626c63546b53776b516e39677a754f696b78446a557a39304b566e2b4954664b6c697243616c2f33676a7a576c6364534d4d3943772f44506f6f525a585838794b507439774255776972392f797137344a4177594f6f69366c6a6455524d754f48433135557252546970636e56432b3164516b4859414b6b65312f5277436d7944335a65734b334c70683634505564645756616132524d76322f56465031305851635577766932565848627042376441354e41713736366c64475633325a676c2f686f45394d7a2b6a595130415975722f4e6a717a5032726b6b333531547664706d56555665534958546a38676f7a63324652493230512f5969344d2f3377562f37632f7775785a7a6e4574316664647657612b502b693678614f6c42725a324949437962684c6f4d6d74354e37646e44687a4c6550586b52716a2f77744f4a3745627a4c3338786431744976622b3664796d2b514b4e426734454d324944374134465a74504c70495342494d5a7a514450586c4b635a5a304b7170525352783137446135634b5278363153414665776b62426e4461516e536452505032796232635554584274562b6b32466f692f53686b4f653044376268777042457866786862426265646766535a4d67393875363550364e64427078772b2f454f7734795956766562357573424553396447654237376f544f743754686259486d616e624773764362576a7835434d53794a55667650566e78395849327670712f4a652b574637326a3972724951506b4e473562484e674f4658714d725538456f78626e5a693337755a47456e506b484e387966636230524b366c6c77744a35634c6a586d64304e79394f5a3961714c76436256584153756a593542744a516343563977687955466a34583879546d4d5967317663397432636347394548763048444653416e576a4b54763257456a314832696f50593155423077426f313279536a7634524b5a4e4b34646b6f396138744f59494e4c465642347a47466c714a7656527757364c52745a64484d43446f6a6f6f6b73346143364e37714d67455836785a5130544c6e624630796f524e534433524564314454487144446d4e3176634152613478676561355a516f59355933304f61754a6c77466c72316c76676e4b6833305a69614f6c69313251376274724b44494b4e5a316a6e69614f50437045614e426734454e46494437417735556879642f624369553158336f36677579717141746837413339574c434f6a45647764775a4d6477347a5a312f5a734b41784a4b3154374c4f4e5939714d2b6e434b57304358394f56652b584f55507535356b6f75346456694b4b613832425053586d6e6544326773364c6b7842763755687876784244366646744279495461394d63554b303638646674536d766d546874465a6833392b7357713167414e5063424239596644735430716d344a6879626d3442535447714b2f6638525a77374b66347764304735503647446852554f676b5133724d4a4852735268416234755573374a4167646b454d30496e76567a37655761672b6d4c7a533075707865667663796b427a79624a784476756a655a5349483971642f46785534455178486a76325951796a7150536a37332b3265356e4442614a73416d702b505151504656487562746d7843396a6f66754f6778525347663535713649513859765439726739376370764d444a2b612b39417a433759544e52644f7a4653563547576a6c71386f6c7a50375a497049516c44536744597465585170625a4d674f51676e636458786864387745366f3657586f6956636b67644a70306c4468795a395756463567315931616759546d785a654856354530614f31304847706c73346f4a734931553339306f35303667444f507277566f2b75507a4d72594f7870714e426734454e55594437413561386562325a5259506a6c73547162537432754e2b4c547a777575444575657273525059484644304661784d724839464c644f71336939364c4a522f445654346f37397051676765426d6d42626f366d484f7361664931626d303070427141357a47444455475241444f302b3034786639573236797539505179526944506d624c4b66682b7037302b646c312b554235637632744459337874366254386b78523634676b5479337a635646387443626472326e56423943326e6e344551346c5274653147416e5255756365734a3253684572486c4e65565476466a4679323547774e724d7037665844477636706f6c5a4a736b6e4a4c49623743755275635245305a6f63654b59724b6d635058447353477057694f4b75566c436366486b7a7730382b387976416a4c6d6463446a2f6c43666b75474f2f74696935734c50564a50765a627138684a4b31465459454641764f4762664834365a37423350686163394b36764c33506564663642502b787737786c3846776832565a4a4d312b7a754443464243434964677651757669616a5a614a616c74786332794e7353566b322b73634162354e656e5752504e30744351305161594f4d4c67616c4c316f303631556456652b313370373663742f687661354c6475665a4166627950743454563330423665736d522f394a4c7a5a774c677357473330504e5767334b4e426734454e6a5944374135646b577a634c426c6f456546433474312f4f7573737a524839634c4d37437644654677434d435050396a314859536a52685a626764794a325944792b324f43694f625872712b594c3847574f73773754334c6b44646479396b5269646a4c73724d63634c7937663474575661416569757947504634656a47586532684d586d56354e556d3248335361305234384c6d3451797665582b445a7973616c715a492f616b6639472f7a7a30494b35707955387377416e563031416d676d64567944356c7045706153437550726e4e43472b642b2f684661323055736d56415744795655547873754d76335077627354695a322f62503347657058374337754f517a3433684a785868345962537a4e4a49476e7459572b4e6e42496a7551715737757155424c496974704c7648593775706676762b31437241594c6c554c50444b475565737076746e6e633064645965432f79766d465145624e483477446f31376339727334744f33646a46662b4447456b434a4c2f4836597861333564537a4d5a373131586c4c5a3435624937557857413855492b2f7a4a78586e78616f4d6f72565951787378746c4e335161734c4734676a773151487a316e48595670772f7a77642b6e364d676c454e70596c5436716754646f564d723234353136526e77316a337647564f417238482f306b6e57464c787573415a5a2f39306952614e426734454e7959443741776c5232305657736c72684653636633616259687476714a62504e42374e302f34346938424b686f585a49793864644b71546c48413172597642654f705234736c57374d6c79736564666c44564a4957486f6476486f2f7272644a575641536c522b514c3543316976516c506b4c70396458314e44325a7430584969642b6a436a39726f4462653043326c474962667a4e4e64476e51665258464a6d664a4732572f7a56785635545177475a63314f555253754f38444b586b2b475834477662374a2f316e31774d2f71795358377a494b75674d364c53492f5a36656731686668757a6d2b516d4a4276626461694d6b636755794b6e596c38344e68566d4a50326c6c5365552f692b41426f3449302f32524b364863705578593050674a4d2b675a30486530354a566d2f646d5274577a36704956474336584b5853363556454b6c3067786e6250646169336768554f5452684469794b42666c516d3061363262566d43785a595a41464a4435396754787273513736576a6c616f346d702f4643695144725752305739456d5735654834686937656e7661524651687563443439794f38766a3335526b6d624a5a44344b756a52583347336952466e5971526c45597a4a71484f2f76662f63373572316b585771357569772b54777465543332482b63653037566b3354465a43356a756a507848573072506650554d364e426734454f42594437417a344464622f506e4b78767862504476574539706f474a3331766a75442f4847386249325874476861714451776e366a59744c717472394f4159323434794a77383271326a31486e6d384d2f374566354e39596b365775575938612b42464c6d3446796344774a304b32786c6a61706f4d7638722b705a426a6d713447747231675354306a46327750323430504e66784366415472753756787857637866457571504f742f6a735347385a716e6d396f50522b4c4d745a70797a6a50656b43373270413471654341444f383063665561485358717a4c474861543831322f476330547477736f697a325a66634e64715770624552337131784c464d795466664531567262395a575763496b65734c4877536e705045336e6c684838536d4c34517252476a3330476a69746b66536476514169672b5a2b76483841394f6a55326a4434314d527658576e4b684454657436624772454b4939694e6a75425268567144782b3339464f4970715264523252376e6369524557334d4b3861576d704f68335470476847385a5264782b462b455037306847342b4f3457734a4e485152387a4a7a697a5a37567278755a7336414156326a7a79426d67677a4c7a37797336632b6b693576614d747a6534494942376866614b4b75424e5874436c31782b386f624f57326c69492f2f6f71576e734d306c366f784a464b41434d454b4e426734454f515944374178755453637a476675493179785a336168387341384c614b6a344b72437978682b53623845705837617458426c783232395167696a76414b4f34484a58594f6c6f70646a685141383846422f5437314b704244636265736931537639617a55486e70444175494e2b636f4b5a396d4c4f4a794979366c5456333233524f6e7a6f4f634371342b575455454854547967476e686866506b3333326f497334464d67704c574e324a35554857435348557a69534e7847546c6879687a4b2f7767584775376774435235757073344c327a4c6637675857447a74372b5a5330517648545a734d775a316c5766344e416f57684277665a49314d6d6e6343786b676542657a45764d6c6c697734653461504353567a6b3472746361793652476d3265766941434372754e4f6f62657641795470312f716f2f4c394833786f464738494377576e645964737a4b7344654f4f62704e5a4778676c63466a6767693773706758616f6735356963735343354738324e5464707272316d6f36366c3165335a58574265764b576d33313358776c694c5834434a6e6b6e38536e35484e6635476a6b733266443646654b662f42504873717434494142634e5630736f4650725a76564c787769576f474e466b4d3877624b4b734b4864534b72714d664770537539524b704f4a6f434e794657762f4d2b2f77475042686c75355a4967744d614e42736f454f6649443767373531646231485751635536526e42766e4e514b31754d6e427654343431516374774b6b6e7132416858664632576749524d32686c517a536e4f34783053744e63786476486d666a64325872334c314452766f515174394545315a685474366b64747047485553484856686b4c6c332b64545071333930375a4645636459396d5746364b70473751762b6734367a4f6b4a7269484b487a644f4670332b3439477a56395464705942706a636a6e52595678466f70623550622b4a613442792b59795747462f493571704e6530353362412f2f2f356b4965762b6f5a716d2f2b6a635377344f66685a58417266776234684d36366e444e50446b715a6352313446454f673473574d556f5a64544275596c343341636e4f3959673141705773454572642b4b43777a66454f65516f446c414165356d79563343447a41694d5561795568554656434568593366494c7a64596e44477047486f476d2f37456d583659567964335868394a74567469444267586250645966474a677037786c6f44474c52646145306379784e334f645532354a4b46696f7272646f4c2f6735344a57342b6d386a514b535856797a48756d696445724d334f372b434b536d41442b6c6c6647356730666b37344b57586e545874756b7055326f575478314a3941544f372b325a6e62616734394f594633635950663631713535783435797431685a63712b4158686858775778773458744e4251354c5964664d3947384e2b597146397a4577516a744d714f45342f46727754673469316f6542376c67637a6f3046626751374467507544636e415169515569727972696a7075786f363947642b537750443365714c554e2f335761377669496a4b4e2b586f3153476454536473444e7247555438382b6241427a637a46584e676f68396e3838645037746848634f673065692b656c54677179766f50545362485a4652524c306753794b446239616a48754a622f6b543839797a71424d4e5159764b78344a767a4f3079466b4f54656253633766386650673244716f6e4b324166474643506255656a43316869786d476932387965594c5a50794961435030484871765a4b565954434d35514f5444544e79643866794c715742527a5351485367584e50684f53732b47786d4855767a50542f7136756176716e616b4c306e516f31635a4e335075374278622f595943484276562b35336e72664d43396e544d7a794d4264712b44622f70344b4d6d544b653034572b7a666275326e6554356263487a546a68566f4d31506f392f3254416c587a344c78554371454159715473634d6e6b6c576938796e737130585a49686c4f574e412b524555374c37694f483649433051766a5570394d3048593633316d5a566d466e7772584e522f63685251705a436935484f4e776237527644314873594b4d6e38767467624633326a51594f4244762b412b774d6347675a52593755663575586f397572776b452b6d4c6d72414f4979652b504e646e737377694e655a6e432f306d474a494c6134576c5663673674505234416c76694b6d65355a6e336f733766544d523045766a6279656358355676436867317371426b756e4d4d66692b732f53537a4d4866544d375a4658635a3462314e68634e6e6b676f2b33753649556979436c31766a6e4b33454a6d4930433341596173652b3155626e55504849336f745a39766e664a425734795a77424153636f663639395639652b4866566652697149466a58415864315252384774325733534c57767450657055476f4c3242626b775258776d5a5a373931704d62636d673748483574446d6147784f4f5a786674714831744342465a576651674a3578306d4430502b737a78702b4c73436e6d482f555642436d30764a483475743954506a7a586d523051567a4459734c62445345646f4c7178347a497a677253305834546442474e43384e46484d4b712f564c69717050434735656e2f6f427630303030726f72646b567877485843425a324b6561767947716b497559383462555663645734326c69307a4455695872565968704d68576648694d4167564851466f4a42644467304a44395651547631324b78456278446d6c47652b53475a6e4e2f51664359524a39332f58712f6a5279452f736c765972756253367a4761734d3d, NULL, 2, '2018-03-30 12:14:58', 0);
INSERT INTO `message` (`id`, `userA`, `userB`, `data`, `content`, `ischeck`, `time`, `misspelling`) VALUES
(20, 804260829616815200, 402629716513658300, NULL, 'xin chao', 1, '2018-03-30 14:01:35', 2),
(21, 804260829616815200, 402629716513658300, NULL, 'asdas', 1, '2018-03-30 14:01:38', 2);
INSERT INTO `message` (`id`, `userA`, `userB`, `data`, `content`, `ischeck`, `time`, `misspelling`) VALUES
(22, 804260829616815200, 402629716513658300, 0x646174613a617564696f2f7765626d3b6261736536342c476b58666f353943686f45425176654241554c796751524338344549516f4b456432566962554b48675152436859454347464f415a77482f2f2f2f2f2f2f2f2f46556d705a706b713137474444304a4154594347513268796232316c56304747513268796232316c466c537561372b757664654241585046682f6e45456379777953574467514b47686b46665431425655324f696b30397764584e495a57466b415145414149433741414141414144686a625745527a7541414a2b4241574a6b6752416651375a3141662f2f2f2f2f2f2f2f2f6e6751436a51653642414143412b3450786a582f74336e38546f6146566866323377636e784f413765506c6e556e44414e6d54636d5530562f47384d6a5a6662475149496c2f346e385269383756494a744135514d5445715058624d474e64474966694b494937315a2f353757425a57784c496f687a6a6839673335764e5566697266415a306e584a696558516b59464a6e496a702f546a594a2b6a6f43784f386378306d5635726373504f72672f392b67353230693747444a5a6346614179647866667178674141414141414141414141414141414141414141414141414141414141414141414141414141414141415a442f3455626855504a44416a7549625674645250576c32643465437862364d75386f6549772b61465a713234674f776a727335447857704a72683433755a6179727a7944426f3755384e4f4875534d4542424d3765616358657173657a37725259742b5741396a51514949685a776e65753937336d5a57506f3230496a7a616b6b686b757a59387859375336324e4937555457637734475151486a772f2f6536717039726e2b714e7051563644464c586e6151754342523643313452374e674b7575776432766b50547172696b49454d79736147523871303466413063313267432f7a356772664b512f426f724a2b79542b58426a52356f466c642f4656584c41534b2f3353635a43426538335154636f4a2f46517277436c4c6c462b53424b583648425470503167704b4b5967306a6f32454f4c4b494774783574367068652f4a735158435156666851567861414c7050304575714d7332544a754b336c5939444843534c352b2b414d4963376a4862716a423967434271712b52316b505a733333766258424961334c522b304a72714d7553434e587530786a6a7677465451375331306437774b4e424c3445414f34443741774c485a656242442f304b4169447a4972357338755171503376483738442f2f2f574145344833535578426f36395a7452546e78492f315235792f4463442f43365139635662744e6845556d767274592f6161514b754e743664434c31457a4b5a6d4d74437542456c543378575566546a64324373423853307068436e70506367414568784854476b414148512f374544395844583877694a676d5879394475794c525747417742764a4473683553616d62484146576e7249634d4f744171454452496b72567232387369717378653646734858506c66567a5472384a43304e396733474b4a2f50674b7231687a347a58566f64634739696c51674a33614f5a4b31326a4a594f397732627a53785777674c41374c3275334d507164584b522f3778446c6741466f4d4444617161536f58323556374b6d36334f6e6855656b4c6d704f6c4d596c4638484a654d393032352b594e6c5366714e2b795942526b4431596c347651363735765346745148333335566967647855655a4337314744775a4a54534a3070386452315a4b4e4263344541654944376732312f6c64303542733332586254614872666e63464b3877546c7833496c5a456f7a3071712f61346762536c774b725a794d496b4e48636268493263486f6c4348355737716b64562f4e724532763137756d6d566638364e5a6278576b75432b5566396c6d78705071563577696574736c68415841366c7051624c333958327376434c574e543278556e3661755042596f77775634437561505757566471397474523869536938526e5a316b6f544761524c36646c6d787a4e6e6a563162784d616a4e4d62582b674c775345314253356e515053554d2b5179756446696c7875425a2f76574c704a4b58666439375259667568536a65733879424c31426f79434e79375163436963636670373467754371456175624a677652537331544874636a612f777157774f715177676273514773693166776f69714d384232454341674b4f6f566564576e4e3851524e3851475663376e3545534c636c766d6c35566a33556b64616c787635446c7572706b673048346e53326551433534787166324574357270744a55767a765a62752b79644e766a62594531493831454f63434d2f376c53794b2b386e4d373636392b52566f3346633067696f704a786e2f6974706b7330683232505830436e78734a47486e55645174726c2f684867446d4d4834627358655831416f3047446751437a67507344674b6a586852524c6f4b7651486d485034697a5146437a53386b7741765368797079514d503647374d73516d6142697454624e53365a4478534e4679364d682f7a5932396e68796130796161472f764871575a43794a785751634c736e59557642446a5a48684d5453375044307837333253516c7a6337464f73717575534d7254713563664644333735486c6f62423457384b65466b4d2b35496d48502b7764614f5a324234306251494568713936354f38696646586d6f75386351566a564231442f4c64454c48486155555330364158774332684c677336666869764972725653334345344e65623852624e45614531654d6c526a4f5556637963627677733776582b6b6e37745057306f6846785675742b7873384f4b5a5a674f4e466a52456747725a6a2f4e7130766a546a774577383578743868695146515465347974497678595262646233755563525162524472434270547145444e685464703736514e737a446d556663715135424f3677383639614856367365474e4c526f425a6570536b7733384e706b6831765a453171634279397343797a752b767959694e666a4247545646577943793469343358377265584847612b6842743965624e46442b6467586944487431616654344a4a68797854376d4d54644466522f64776c6865746e535959724e6f776e58344e416d4744446f725845433073776f3047446751447667507344674b683777536179304e5a6336584e754635587a692b5238616f5577566c3973326b61394a7058373856525553504c454f4879745848526779682f59797539454c6c682f6b6b51324c595668594e70645773397031794b69506d4e577a556b53366c417356765973616c5055452b755a382f4e79307259487a787772793253455252532f373979482b792b346b5943504e72744f776e462f5a494143624b4965704135372f786973734945746b5a744e6972434b6346735574473048496b476e314f7a6d33526c724d7a77364678557059693632443875703654646f63364b32486952763454484e494c4b65696e454b356376494254515550756b64694b6a644545436b2b3277594779566e3251645954327347585750767745397474314f556b4f76507761316f727a7448466b4541344d4647476f4a7231585931696877782b6b326e35435468394a35374d716538587344582b3445665a58767a736241534d55673175477556373072734e666e52374f653535374149414d494e716b6c356d396e742f7154457842506a324e7a767377666355534c4e426a51484b3034675a584568554f5a4571534a7a59467465344a6e72766d396e576c3354524e4642324d705075775437496278313550356d2b63545271747537725948394f6e754a65524d646a624d57417a794765346e6b4866525968684a5a715454376f304744675145726750734443444771397631476e3944696f6a4b59397276306c476432576e463330692b616170304f64583438676941396f6c4f6f322f4e596b686d52302b7345775843574e62414a493330453855783730444f7847506758626b622b683270574c6a3279386c52394b79527a73337642625a725558775a39436f4844634971474838573377504842336f7470324d49314b52614c3075327271316a583657324a396334646459753254663349696874782b3753693641785133775942316e626374396a7a706c4b3338594c32754c576846316b664e563149475552433564395668544e4e7464687352476d6e383672485338484877364e467843467239784b484968394d455459355a68637674482b4543746e64485a4f32394544476f673535344f43644770646366512b4a31434c54516f4e4c356a7936585a5569416e46536355697939506d705932615372794f2f2f575577474838506d504d70376534494542326964376a306b5834514956617744316a4a7a584b46797a6646474b5934754c4d382f61784c516b524659684c565467373946784179454c3764736b425851454d63326e344c36394673336f4e76332f6f7a4754385a5039595454693542524364786f586570394252646f6c4867467333795a54324f39484b644c454b7653337a6b4d6c576c6b7335434472464e4b71772b6b2b54572b455450317532616f3047446751466e675073443678374d2f4e4b5959785666736c686351736d67674f514f6c75756f4274366e514453666d6836343436314f5535616935355a64447a61434f75667334376d6b526f4f4c6171535a79624d456e372f53594b6d4b5256515a556a6c6c6536794a62547a7a7a4f31786a7254314365353362764a5665626e7a2b4f6a4f79466d6b45764a752f676a413168564143726b39646b736f596a41617a4d71687576506737796b794f64306d424e623268426e42526434543938685577754d2f66617636317544545a5a4a5953586e35654c4a5a4253456535396b4f4f6f7264596779485a594f575a4d69664a37416f334b5166696a794461415844336b6369676272763233716c336e4b72357270796662325068765979444430497232446b365375793944536742747170796d664e616971535266506c3154645a69754f6f6f7636363246546150526d35783665786c4b4e704d2f69424b3150636a307268666b31656b536c7634415a72576e304c6466306b34344a2f3049492b676b646c784f57592f704a342b6d4270654c534e486f4354574c6c6e6779685336316870454c635250766d6274353671345462454b532f4d58633973454e434d4341316d754359786d4f5071585257796f47742b445a394979326a513358462b31364b7231416f6a6b554d72666d7173482f6a53424a434d645030494b456557536d73776f3047446751476a675073444237696f6f497931566b3143636f2f673671415636376b7a4e4c5076626e6c702b6c557a49564e2f7036387365656151546342544633786f52615030527550674f534a684b3736514f7a7a4a4e45674357426e783233556f34556c493078784376335562693336726e75664c75717a304e4465397a4869616f684b7a4336715932547237426143543338456f44423563772f33787554396e70576230516b584b5966327932634874526b4c486b6e6f7779322f5a583549396148304f30454d2f754f36686548367061396574446353314a6d2b6f346a42714473304575554c714948656b617a4952314335624636446c4a6f49524a4f30354c396e595a6e697a3630675a68325246653468656339302f392f4b4e646c5a4d4871576475773152346754386576314a6b6b67462f2f6d69683839664749546c5159546d434b7537696f736f66716d6465486a3939583567417a494e675163556c777a6d73766e4e734a51416b564d6c49696c54636c4a4e4548574d58725852776a4b536f4c4649744d48486c3075536e39332b504d3470766e484e2b645172454d734e6a617962536d3073417564385a4237586447392f7a6a596b736b714456796f5776654c6f55556243746639552b53793837495641623546784a3669506d72474966587a697366464e4e6e6d4d4e36774a54666e4c4b557432465776687a454f546f304744675148666750734447786266366b6357734677304565306f7831314e4c36564f4258643333522f723278366169346b7032546b716e393158416174795545424d61534764624e77703139727541466951744b2f565537526551574241683663746b745a6379544f6f4a352b57655161687755696337747749797169636b4a3961476a726b726a387943764b4f31364166566c366769492b57727776344d7959466547624850464e555839755377624b642f6a77374d476758363068344b357456434f316433396a54425a4c696172393449776a77686f6b4956756e537474497a706874556a48693741474b4f654b337865505168356d416437426d525179352b306b6b5a37616c393045532f2f4530455969614258365a70392b6d527a515844514b41546f5163475a6c4f68486d4648454a475766496a4d73642b355067446139356e397a3945596e59456b74537241766e536c63324145334a386246744d3466435457722b6a4f684b496a583852384452612b76783268775a7959697654466c504d7062797468664a6868666869483454497a316f676d5647742f6b486358587a797259745962676230397a70302b65527748736e56567a2b456c6532686b7558644757755064686658794d6c5849636434583839686677524f6f6a6c503831624d663646456b505878366e74396d6b69763657506c496448723078415637642b72436f30474467514962675073445054456e4c52414d513261464a6a424d512f356873676f57536f39453151675376635437766353325963512b715764374b51684946306c304f4d684e4c4e4e6d796a47726274534c684f596f35565666684675344e6e7864634d595730375272686939476d34797470534f6d73677544644e7a544d2f354a6f734949584a49523533513048417a3656314c324175722b7464554e4131646e773272666f2f4a47423950524e2b2f473778446557374c2f4b6d4362395a74574f51335a4b394c71573554735742502f7a713557774f7766615573782f2b397648486843366c4f4f414c39484d5230447041324f2f43665a764e474e5a7a384d7831364a443151387a447478434b32544775366854354c78587459742f7a2f7541467046446135486b57426d5865482f50386e5457547663554b775a6e395a546a6f30743776695172775541426357735a68652f384d6e7a5352594a55565a673764614f334d6541344856786c32482b733056693135345336467a47734d666a34313761463341576d3264776b615057353355494b69436269756450566171376d5775646f4e434b784d457158644c49683279423053323655643271516a444f6b694b7a6f626b6e7555417656316e75394c4f5751644c7042655544734b63783834757054676b43692f67693438763361576351584f556a315731596852716a6a6557516f30474467514a4d6750734447307872665a6b51692b4f4a66584e4d4e78446835724c45716d7671614357413678527668367047356c2b38616c55472f724e3368654e767367332b6f6c524c64716d6149612f52536b48304254546732394e2f6d4348355a45414e54474b64393932446e632b6c384c78634b4e62684d68764a316141424c714c724a4d4339547850556e4c354f56324632387452516c686d495476386a347374667365507350716766726b50676a78436d616f6f4b567a54644c6558466c59734e36706634397962534334324177464b47454b626c7132424f73674c6763396e71574d552b344e5450636e6d447343474c4a6c432b304a436642726c663957735a4b55365749543945537655302f3670683155466642482b6835583156317a546154774b62376e32686d4b7633715a367a577839394e5a3867794131574f6c64354d364c4358687644455432625834566a636e523243484d5978696164714753463054583866464f38792b736a6f7a4d2f787031483557574e5464633470594c627672593436535a654d5853706975315a586b4a725572714c4b685265764c7449366741456865786a38352f4837336a6f553034564d374e336f76783476334c526661487536735064345a4c316f466a41446e61497a724e4930496a7831556e6856614e34335568556c576e62694f524864765362674f7a476c363050466b774f6f30474467514b4967507344455035783231513368666c543242744d6e786971633562595358674f30424c4372444f2b416b556f6976327a6a7639615a4968515a6d333873566f6a4f515379797767396762446c674262546130775568456d4c6f58445470347975744a30514366505030687851446d5953555064647a7236594475615457545977796a425376467938614a384a324557394c64454757642f306665476c627963577a515a4d64476f394e464b5454684e494d51365333686545337245335355373367644f4b41447a6747674d327a556c4e79636356617248472f7a496751453538484e4543674f57477164323669516b34355a4269696f6c725063616246526e436a566a554851467a4e346d764e5250634e786438344e4564786b73596a4c7541416b64517a544165554f326f6a724e34314a59757248784550736b356f3153307675436577427167574e465768554a4c6c55745a796973534e484d77764337696b41473447366a4f757273744f6774424f2f744e38457567574b4263376878384e6d3649715852596942574b6c7453757a4d56776574664c396c36377873545971775a6462574c4d4f647a504d76713961754765797a47475634556c447a3738493748325279674b7949314d2b46497364674d507771475154584859766f546f67576168357266347a4a3033394d68672b53415751414d36773748476c7259756f30474467514c456750734447387a786c5979535a4135566d566159576d487a7268692b386278495536584a444b4d434b7a3574716b31694c374862624d387954344c79745170705245337841367365312b526541654135494e556866496148384b734932427767346f585536426178314552735045566262766362712f532b6c41526a4541687747326459587339384158706a484a4e2b6f6b75442f547a5449316f576c366f6962534632664648774754537851554f6b61694e6652795735316437384f2b554c316b4e66734249474b577051446f7a4d7639347361612b497262546e417947314b55724b756f79526454794348795a76536d674e43483238483676424336304344476835656c776f5659545869425663536c707030507a5249467461564d38486e434a4b7071667362623062654942765642496345346b34484434635938527a5661696c39694e4e416959446f72384f475a466a35644d614e5266314469456f6243333248357852524f7857564c314865684b333157525245772b4d5a717a3872305a7933764639637863426f476b5048304c6741492b494c3162477261334f4d37636d394c4e6e2f39747a6a3850622f44344d57647a4a366e547a335a6d372f4f4c2b684f47355461554836382f59746d535a74616b554b356b6b483865475a52637639474e506a6c305639324b52303230426f48563156694d51345471786f30474467514d426750734472506a676d55376849437236477442364f704b64336141496336566967486f5a6c397a2f6333534b6475567363424270456e61696e39346c51634d4e6534532b705a2b3079624f58496b554b4f513144466f6b35466d374f46797a727a462b4577305641445a38685342725579774d4f674c334b572f5a7970523063566176754151786f383854427375516c636f44775453695677336a75357661776e4a5a6a34613444666e512b79617a536d305473307a566167384859696c414358495345564e6a2b414f524d704b497a2b4d6b6a69434831384e7758424b396458793476374d39507a67347049585570594e4d67714369762b44766e34435a48587266596950526e785a50384544324c6b616b525161306b4b303749764d55754f4a444a64366a42705656694c507838343731445a49463863585973794b5a74557a5557474c686571466164616d48503079695649736b6263516146342f545873734f497244416b6e7652357177566a5448746b5343587430746f4a4870393171682b545236554b333654634e7554456e4448644e745867694e64777932706f69354c4f635355386858366261786f6b4262422b3765427258453561597a334b74587758684b58744e7a7556534d32673052353162344837344c54743043472f4f44346b51474561396b3839706779324f306e757748694c733856476248427a6f30474467514d38675073444842567750656c715068586e34536673366a45366835536b576c6d4a6b354e553753524c64576f746e544e483067347058374374594149635643686b4f7761574d376c4a7033676456725256513637307a52434b4f6238534c5036564b6737446c3645566753436156725054685035376f754175317438664e526e45475661794c46384d525152346e4f7256627839707a6e7638663178483136382b357570515a4441784c654e39505478464c3531732b7a744c48366c4a73766f6a447354616f662f684e6276364c66556c6637794a7737513731587754725439464f46734c66422f38656a694a7252675273546d71796356796b4d4676794a78503748517a5069716b544d665a4d6b52414d3438545931354d777946534c434e4c572f51657730665959546d363071756543317463416d48616361707a764671444a324a554b59337a454153626d38434772697334356859475875366b4d7347486134437a2b79795a37616a5a795943674c574e53437141666b4939333541486f423830506b2b4c484d326365567a4b754d4e7a774c50374b676d3573795268664a355067542f536f62333855346f4d3965415647496b756b5364443347526f6a64426446523775585158303244552f424b4477525647346469575533666d65446b446b664246476c6e714549313647682b3664525630793251732f4e4763674e6f30474467514e346750734447584d4e4241383136746648636e58752f584b5233382b7a463265684775382b34346a5a317141356b354850302b424c457431464d4959613947786b4c4a502f46326548456e592b794d667571316f63326b396e5337682f74586233347549445a684f51664c4745707a66786478334d426a71706c4e4568702b566361524c506e55545649386d36344d555857766f6f6143624c5a676b7a572f63555747787875562f376b59785448786a6d31776e583045794d54787957365073332f2f4f436d32456c6637497543702b396c2b4a6b50595a38476c564d424c433869355746777576487861343666654d547a6f6e7632695162736a53377a77444c62323753322b5a584f53725331554657316543524b7a396732643269754830532b765a39484f5a6b495874523369347a476135654d7672635a4f4875716d4a416e6c445374354d61322b3851493253664e596a4f36633141797a54693932622f62566a6b4b7636547835725271745654506e6e38554e3279367754494e4d576b774b5a4c75742b72394d766a57457a4d7a6946586431746b4f53795a48415754592f413054336c79754a744a5855504c77464c36572b53754c4c494f304c494c494a77766a305a626d72556d413251545a33547969425a7963787562307a615161633269346d635250346948704f466353334b655431773542745978464a43626f30474467514f30675073444641514e54792b79584a4544364f4b346a784745676a6a33754c622f6754442f684f357a4f46323176314c67506456784565456f70696d3350726541357266737674777266444a716c6154584c4e41367341797965644764564d7043465a416c307778717641476361434e595943513477374e4447635778594a32506872753648526c755358506135576369664f5179754368685247303133784768654957796177396e70662b3168686a6e4c6f6457436b303177314c4e543759516e534a4f506e747438745646697073582b6a3873375830696e62354a672f65487751686864514d4c4c6e52356b634d57787a354c334a4d6d776c682f7a57535a2f6b324a465a782f796836454133376b647371486c345a6f58675a52664466755345316a51685078664278686741637438447646456a5659354b3158556576514f34634871534a796838474250627050486a444c74544d4e6974315358677345794c4265414b6c6d714974617836445170314c6a594a6f524754472b796e68344343374949434c55496f7370536f4d596c6557766e6868714b4770677565776f7067634546396668747670733958446254484f78672b475379473464794e767569395874366c2b48416f5764452b4d694f7651656a7954586d554c42724634454d34346177564279626e755a52517a615a4f32414f685a6a502b4f525a7974736f304744675150776750734448426479646b522b38626a4c31314c73595047383072735a694d6575704b624f3855414b576b774856534c51725737573964504c342b78527759535464585673424f6d446472477173342f74696936634c2f4a6e4253677a376339466c6d655874623879417046704335447939614a30453279486e537758345273466e485450514457766135506850666b4552314e4e7062616e492f5a7a7a524932356c3342506444555366702b6e786d31745a7467384d574955336548642f322b3242636d654a73736d725638506b71566a6a6457684f686a46747a5a5935772b753458326350446a507944314855413255715348417178634c6e682f784d6f65735a79476a66795131583654555a697a6d63626e6f2b797439312b695732324652714e575271356d69505a364f46396758386f78665765783637694e77543536732b4f536757457234334b7a697248516b6f7a4863394154706d4f707177775357666a6a445559797979393067597375725a3659573153645149312b2f4a724732535a6573324976327576676d597a53396a486f44524e6933746c32526e6932564e434568374548313665646956684b794b6e59533548786f2f4c757675367238506558726e615665466b67617159514e2f682b55557276636c497942784b59796c786c5656526b4456567a767a707a303237397737746277697946763242526f304744675151746750734443435248334139384c3538517a786a57443141696e576c7a41577a36755079736f704266747053477046536c4b524a434a70654a4458665174315941494e5641613856633746303664437a337059344552477052755a534a64665851736e734a696b67374473386b414464595071614972524c477a69727a2b4b56747436657045306c68617937376b3735595532335438433547736757505734515942526f3364444e78554146544a4e5a7a726f33375a416b6842586f496569583252526d4d3461566b466177644259586b5a526973364936564e517963794b625979457258562b43634d456258705044574f4969636f346f4136374b677867712f737a6159496e74597259786c677865546f744767636838753639586f6b6c6e72464269626b66694b4a634f645132335965454c4d45464f416859557977634a784b69566e456e6946494c715653664357502f564d51653054395a6f6e614238735a433046496f474d2b72794a4f4a2b6e732b4d4d6830776f345665754e3442794a376636544e722f593557456e524a496a46326a336f2b44652b464d764e6c746b574c51456c4d333834313137633847665358652b716b79686e47584f3733784132697244326535514a4857786b6e4b6b612f4579306f4c515958684d7049304171564d427150457862334b75464d554371627733344a366f536844417677336f3047446751527067507344497844544b36442f79522f4e364a7861616163776149716836544a35424274775a4b42477845397a2b567869726a3175334f70647373727565445136616d5948574f474c677a3766365034714f63775549702f415644474a32456473726c6135584e6f76526f4a566f6b417538525949436545324e366f7978374e4e51477566493355722b2f7638496336477533712b6734327a4969636f6a5849316878485959372b596732705033526a74383872366d58435665567370475235694932414c717a797a4c77614d6149744b6671364d5167536d6b634935694a795850525178646e3533645739757470503478696b63465237566d445873565a462b35575645367336536744374c3747386851594233624a5332544a69536a6f78676a70435a55415a64506c5a33364e344a6a722f5747664b6f2f36634a6b4f38703248705766385855466c544356484d694878396f516a51506f6f7347664b73754c4b4135484335535047444b6357507456414d4d61685971766569445733592f4b68704375327836464e45555970416f6d2b5a416f2f74674b4f78575471305a333970334f4f56476c5655312b504f7432376336714e616d6d74393137592f79774737307945316d68714d6e4848366e30623733456253613671772f4d6452372b42484738696b71594134724b35305067542b30724c317a7364777a525a6f706f3047446751536c67507344464b78555a39755065446c75464d3463614e7877796d547434676c364578586a2b79643455646f6534444a6665594569776c68774e4f5837663862432b53733936514f534c494a6462724c4a4d4c4c7a634b413476786c6f497a64714b44537432657956484877584c6b344f59317053655966634d646d2b2b7a7243436945374a3839517a666e556b505069347a5347527a52763236556341442b576c6179494f6445684b42576555526b687a6279654b2b494c6c733949646d59383236703265326e6f615768664e4a30584f53623255647a764f6a30476370556242426a596769507735312f43482f735a716f735a58556f356b6f444d39506446423458462b44356331546b7055574267434c6a46552b514b706c3149587a454b324d4f694b466a4a346b776a626e794c44594c6e31525276334879566f324633532f385459676a743157544e484744375a574d5864304d5955524b533132533143305a4e476e6a50567139342f7467742f4759776d5055777a2f4571756d6b79366f4d6c4672483647396b5532317078394f4136583342456e30636249586b63704f447a417465367a492f73675667356d4b647930366173684973756b3344634c4b6a4c5832424e574a36694a50756649455642724e356e36757063696c545a3264576e6357333349556a47546138306379684a483446634e416671365874656f30485a67515472675075446637342b4d3739745a42546e587a32706d70496330472f7136304b4d7645706549382f78646e6e5577337551663957764743744d305270553664376e385632456538695845653472493841334c6643594c6668503979396e4853474d5741734d6639615231334858347a376731534c66496c2f614b4e61537650706b5136677571544939395235746871723259477078392f674b4b7078534e37754363544b717042562f482f36763457383265464d4e5a6f3655614f634f536358754167454a2b4a7261366d55677a786c674e35723366386862524f514f536e614c6978514e6d5863464a537673485a2f6f327537306e77782b6e7552306f396c7534436b695a78436e725168535a7875707235693654334f6a774e75384b35755939337a2b69723261623133755358324f5166456370583433466c3543786f445a737352494b74534e6e653263614970725932656f736f323773764a57446943576950303358345a53336945434f3678435970424549746676654a5a6b664b4d45525354794357357a4d544153496a556d6666614e706d473845495273484e48705943656275786b357746334a52554c527a344875774e424b4370324e6b35537333344779736a597a2b4251382f31537078336661414f324e735549397546496f714552697470354f757878556f61387142427a586e72626566317649757064415262596a5036584d656472357763536355483672716f613758683568477661416c73302b55357054517a326f6d3276455636393635687453514233644d3066654a526a693231786f395748333571624b384d7139534a436b6132782f38652b596d4c304336764e62644d7749324e774a554f4b6a51615342425365412b344f4e6a5336302f4f4a6b4a4d7a6632554d50764442667a59542b514154526e636a4266795468514f393169395567524f7134717737614f3375487979552b576e746d2f6a7875783450704862362f345278364366353854494e51514d514c55426978776d39696e3653536730324150615864463733467656394b513373324343664c54694178716a414c365632336c502f4776524d767477596e3339616f7356447473307171423563666c626e56416b6b794134534d73356656552b635169424a4c71742f6f78785a794239673459326442746358324633757a587450335255646e4b6478466f4152674d43634379316b764a6f6f5662546338556d6a43537236414b50487159746e5379326b377466457431424b4649356a4a5159766256705a6d53506769376a6376594f5965717a514f554865736359536e4b2f304267366478504d37544275594d6e4b5a795751326576442b5446587932475344774d5a544b7345356f556e625270375a6f67734774626b7253525152586e30486353706f644f76594337714f56397a7955447a7a474e39776a7247763647364c32496a2b624167766659796d466e63597469475a2b376a574c4c397a43594d543543743748655779692b415259703852663862304e6e3636677075584b4c6938337945316261693572457439584a4c41384c43457341426c324831516d355836336843686d34766947466e5769356c447143525942652f6f38626b484f4a47724a326d686d4c6b50724d30716a5159364242574f412b344e2f684132562f2b466b3958592b4776586d75344a363450525a544b6c6c637575536362724f786c34647153552b787847566b6b704973563679665265553279764a664a53324c334f3057474b2b32335a2b51514d554f4f6b78304d506c5a47684c3975596f646a70716678792b4b484f4172386a4f4b497737664836732f7a5255563656694f5a624f72684352557055786f34794276364e48304431746c75476268355167762f7963477441592f76364739664c3176456d686a77322f70346b2f36563875677852464f75665769326a694236506935457a4b4b7978437054333345727a6e7957745a6c38775769416e42444b417a455a6d794c68716858547466694e6c3237526334614b32756d6556747446497161584e766462784a4e6a4e3276423570674f677154517a636e4f5062574c2b666462593776463730627033615563395271324e61704b39346a33534c38303346506f3231443355516c4b476676533856314741736334636930634558686a443736523759662f4875636d5762387267704d77436b75473034524d455539563366775776566a4f6e3632617932335441594d636271483855584d574c76424c5470486b424b417575317239706c586d79314e73782f783350744846615376436f577a44646d4d6a694a62356645416a627464506f4b5474494f5630375131734d485a4b707238397a32655761636c4b67746b6576304c614e42643445466e34443767333135496f6b7a4574685a4e48617346636c336f57784e364c5466494569384d3257616e626738466b73496e6e7a573543796b6547416939616957584b584943424357657a755654527151653574753745377579764c5a4d2b462f7234556c31654a48623462484b76327450466133654d7456786e48687334785636546b704f3653786a6d7245574258715374743951534f35493162665a575537576b4b61626b7257784f61786764733753586b39585a4c56612b3036656533325037765748414e73756f44496c54384e7144346153536b42624858496e7759494c30574f314269503970336d5a4c554656587a686955765a776e623663456a34584d594834464c7552646c552f49644248652b52584a4a455a4c6e366e506a504e2b545661475a6836654c7a6d65532b5278743464775a59585837377350362b4e4461793744522f5451332b724f335345373966707571436e6d7976344166667677466a4b4d58793933492f707858724e5a4d336b6f74796f3354306e426873426963535a6263576a664b444677716134526f365256355930626c6f2f5a32756f466b63726e544b6e37354b695747323263486b55474d69653939345a5933655a534c7359546964746a75653848642f62644e594c757a472f786a704d6a7849624f2b4c61413569323050654f65653679714e4266494546323444376733782b42366e3735356543636f5734796b496c554b7234596552616338416c46555a617a675959496c49394f4f71753543494d6276596d3333544133506e5a6749355149412f51716873574259554b455a686b646153655954416f524b726b74355871386349553038644f445565325a61472f4334357039627575536d76514a6c7262517056637275434f7a63344647556e2f692b55734c55646137466f2f77616b744149672f674f785178424859387541716668446965755470776b464f4c45456a557a56724e744f6e2f7a476173356a434e73444279376656716144697871436d4d3770336c5a4a6f79787278692b4b6d6a70596a4c376157536a4c34563665723030496a506265786a2b6a2b5173713545534a33477172484b685356356e304a546f68416d2b666b59646d466858593044587253362b616571704353324f6c42552b2f706b3348786a447130447765706c5344556e4a4b6b6d713732334e49636c66457365347553384272796e494b7a615155437842467847384d70637038542f673333794c786766386f627779646a4e556170764769723142467634304b6369516375634669425557792b7a6a4d6d524a706f3274746777584272683842624466553830306973484c49327a744838447877627a7a6770516f715770353356627064745945346537416b2b4d457a456f304630675159586750754465586f63425772477754627577366b7544347457534d73475a7a383250446a4a6872445532656a5879567a504a3036726379725933624d4c6256344a692f43356848504e434c706258483548535343546a6b506e6d38393139363848437a30776c333939555468314e6b2f38432f6c4f2b74774a6563303372432f6558414f4a304f5637644c7573363547796a4d3533395679374d3047556564526537534333665a637747483844374d56627046776c6b73674b2b676a7970676342506e433363743466346466617a476351733770544f41443365474b5649424e78766f665079384a67366e542b5242584c42574f334b4642694a345a454a624579667144557566397a314b54654a2b5945563435772f466a54456d3166536f637531656b345935355a31777a414e727a2b30477750794e5a363935357474342b75664570592f4158745455594e734134546d7a4f4e7a45726f6e3362704a4b69375a6b7a42357878322b41774666384e65777744307774626434394e794c6a377a4946664a306c324e315a6564504c565330437a396f3049513079444666577a4852474a4f54547246725a3436724b6f64504c7943702f75574f355a2f5968765245316c574c7a7a444d6e757763453247575573734e3075484f4a6636376d6a4379695058564839352b5074386f30474167515a5367507544656e6f4f4e3431567368693139684738455435544c685538316951557a4a676659557a4c6e41744939352f6a77656575642b4e325951736a536f30726b3979386c4f76752f3775704e506d787634506849495a6454785355475662694776792f7637795a4f4b66527536654a397a714856366451632f5a7a6d516b4148736574586a4b312f6e2b4148637475474d634d4849744a56502f3242617472314b4e3775446c43504f7a4a7a78302b30386d6138303272556c4957543875657262724b2f4b62586b6c545a6d4e37526c626231736e34487779456636316d7365415552755a4b2b796d716836617549666e724934524c6852766272484b43633536396a69424c586277744534584f38316e7a3542594d6d65414b6a4e354c3333724e676a494745614b52384158663055692f4b4e64343653414346383777355566535244736f394e49505a467154596333307154562b345a5977767a55336f346c783335305a6571446378325a59397a39666752364a70346b7a747573645638386f6b6d6a784a4e5a6d4c6b6b7434485151546a2b584445543236383061583775532f5876326d5350567265513638377661595973704d3347465256526374636872776a646c4d2b4a684831334d79674479704339736978506578486f6667614d5053757944594a2b534b30323574646348797a6164386331566c6f30474b67516150675075446834426a3077474a733576445a507937592f55425535485872656e5649456b6d465a787647376e4b6e6f38796e4e384e2f5a764e307945684e497a5832726847706c662b4d694f4431754a444c6b41454152536e36695163584f61382b77416c6d475a4b7a7759776f7a576b64382b716c677650494354672b2f486d4b7462654f6974497734464b305a336b4d6e37664c6c744a6978677642623379734552396238364a4a6f5173314b7333706b5a64757648625264675a686e664d362f4972636d4c716c4b4251637531474b79727337393565565147337338384d3975596f70783259414a7a6a443943424743596c733472746c6e6b797132684a6f46496735636c624255316470776f46576c495a616a72536556564b6141415a5943754c412f3574344f357545637a455345466c536e4f38347a6c6b626d354c6f494a6f386d31476a334a466b434653306775452f782f4a6e65775a6455506f3443344278787357354a696a7172776976373067757a4144452f496941706567735279703134727545306931523079555730646f324c5335674f6c69744c6f4752457165434972594d4f43427a537054562b7948356338414d71616554567167473456314758306f5a744372746a4b654a7130636478627930357a50307579734666325a4735645530734256595142633042794237303643584132505148315375676761466658446a714e42646f45477934443767337437474f6a3476414e435a5737482b4f44354b35435a6d7179786165694661476c7735376c2b2f792f374862614a3861683645733147337771694d78366c4678384a502f3077337a5755752f3945426376422f365236746247426a682f4449653564374f4f4849484d48616746715a42646e415a44524377584b4e47506941474a637338394a4b527a6c2b2f66445336756d7a6f33377a70566978427831496947694c6454365a34634c6d6b4e397055736b2f35496a46364236514e54446a594b77624e6c3746376b515477716a714f4f4a69586a4d75367858354f4f37706b555353486d7a7554434265484b56667973596473425068622f39543568756d51504f54553472385649764b51616b57674e4278524366644546503461654b765163447136322f6a786758374471676662616e31612b506737786a724247432f75774a592b55355971514647594370354d6f72466d69496467485130647543594a5068445662484154796b514e492b31744c425a674a506a59374634734269526f735344497a3461752b6d4e3342644277614d42464f392b4351365a344e61626f316b537339534f68504552564b78635363726c38502b542b6941364a722f414763387676432f54326e3676746c2b7874656c6837575a412b68744c53413579654c32776e7579337676316f3046786751634867507344474c31414e4744636c66434272313546455565586358597a7a674f65456f45327574546b31785a4545504336453255653548792b683658664d42626a5a3256762f48652f703334624c7a4862532f355741344579635a3077646569356f67327355456949612b2f6d7944316a315537445370716c7749766d45796b355056495873396b2f3748472f317233376e516933556b5a636f613443484b66376b785a7678525053346a6c787962775346367363786777537a666d7168594d6c3754614c566456636c59347267615a57477750576a744f376d3857456c59645149433770544879626d35796c4e5562484938616c2b33486179366c6e666835465563646766494b45446e7458415a6f445339393450794f3970573739654b667a6e4a325243725252472b4777674270506b523054432f44466573336d5835726953525a46776341624732527a693343656e4a6e70594e6e55466d715454697253456f5861645670797273686f645973344358424a4c6271364a7974626548786b4f4238306b467671737567586976712b634a38644b4676432f57466c346734583172574f53714868694a6761363537626f7577365a384d575a2f453071477050612f435631436165744a4b6d534d725430774d6857447077362f394a56634a5a43495654414537666f30467a6751633567507544656e6b616f7368542f752f6574622f306d34526d546731735461383561544f4d595074582b78376c5359674d412b514456586354386f3866494674557146736b56697255575272305149617248414c42646364384c3275636850727837443731422b366b524336504c364b38384c6d71514378374c58675354755951764b7139616562636c6e737a44354c782b33434435735069344a6131536b3379574d767336647a30787a732b766b417343612f324f516d68304d424a78484671764630516d4b7346386747434d4d6e6e4e48564f507939635a53696d377a3659634b554d59396d704c625a2b6561354c4e6e4c6d6e574e38484938733051723447437146593731502b6e6b447077337247674d4d68497a4a503969724e757a30767769426f686a57637748384b4d317577686169336b634355764579542f774b42707973544d74613436775a63766f4662517664473848464857686d304138384c375a58307247672b786536724164626d46757a524a6e70636c587458423834484937377633517846316642314c34396338666439536d3443476d74546352454b7244545132484a476f4938396f2b6b534f494832777a63787a6a70576f4d7232767a514175644d354645725256724d42626a737744556d474c39727148476141683144614f48325179476a51583242423357412b344e386665797575616c43726742615142744f37466c334e3648336c5063426654356e3441554c442f56433245383373767a6b79487a4e365758356b3050555a504b77347747397056747a395476356e71546f3371696561363546386c346576796762335a4b3835653570364e45335a484a337032692b786d544277314f7a4673326d6f4a75454e3837786c4c6a7a7844386f5433686243586f594633644b41336e4a70347652553758737374754f4c583162785965387771737a344549633561784e624e35767473704d37316c35444d6375424678364e32436b65626677705a39566f547942474562662b584d616354307a3752526d43434a715035656f33366c7878386261704d364339544d663362685371374a626146567461642f57575936417243683165554c414844766d344c614269412f43504a45746c7032355746373664364d53466b65476a78387a6f67652f755751593263495545733778483441324633353459334c5a73596e75614b426b73774d38344d79504f716e52524d6d7861626a6f3274454c51504450354b324a6c517741384b4b4874513834466b41362b517938386f6d44456866437a664a643269576573352b336138765858397a454f4f2f7055533158704d523934716b356b353058696b744e6f514f50567178342b436d2f7366473574414a52415158436c65436a51583642423743412b344e376642724949574f63437a634d49505a6c35636b4d6d7776513267672b4d615a56684c4f656a5755724958347773665567575a48566c63487442595267334645386171562b713943712b7531735873506c555971764447544239677067586a784a344e3945714b524d7069704b6b7a7a43472f4a313853644b6c774b314b4d796270314f6c7056504c355376343538705a702f70507274476c2f33496c4d556a63466f4b626444742f7839457676496b737a724b7359353449437638755239596f4b2f4f49336a594e655a587537393857306e4a3633725854504a777342763358516b4a503736726d486d6a51454a59564577564b74366341422f6a507559383658557133672b7154486a6b6b366d6c504a553435594b346a366264464d363776384476414a6d7778794776374b6c534850486b41342b454b34683873356c5259347a5856323732547a4e4d4a6233734864562f7257697a664c6b79796374674a34424e4b5737653847666866546536654f5973384476656938424370376e5a347571382f4e6d48446f6d714354593134306652574252707337446d5a55652f5872474f414b43687379516657467861632f584654414f64386d4f4446644e47794e4b4c7962567a5a556f676d6c62614b70305a625a565964314e324e5670766f7379436f6c4a436431784261485a534d797357416f3047446751667467507344474c783455516d5662573762796d685a7654672b53594462524e5268754975354246444c472b3378666e48354f635a465a44575559486153743177666a377230796579302f56463670424238452f49434b56416c5858384e7563504c31384f2b763876554f584357725552464f4b4b6d4b477932654978335730736549506b672f6d4331386347464f634767334f6958742b7064415356637278693938414b7863577374623973356f686b714f692f496a4e4d676857476d526934324a4a636d6144532f384b79346b68696c734a59493354397049434933557869424459714d43715559764d7a586559656b745047474739574e3861454b585546364e32484d345374594931584975764e67664f5949516f715a797133415a6961693474722b6833546c3165574c58775a5a342f68756455444c41312b642f49415a7a316845744c71353566344c6830474c6d6c6130626b6b594e41524b7a76676b4848496147674e584e52372f5271797564312f646a69796c36585976736534686e48644c706c757234627554714a5542335a6345517373425a6148625361624f506e394c313645474565444f547168382b62463338674e47424b67536141476633664e73394f726143774855536a584a742b3947723758706245595a5761756470666f497a5455464e5155376157385966734557374a46614375326c5874564d6f30474467516770675073445053306c504d63642b51686d705965304f686b475657514434456e576a675853684f2f2b7072365859624e47534136627861434332664f784f754a785659756233317453697873777956634f6670336f442f646b4570584e7645756c7a4e4e6e554535734157474a2f47655275677868574653533975516f757352756c4c42394f2b5749595376366b757270597759446d6c564368796863686f355872483432577145724e4e7a68573043676f45476736694f6b514244704948506c77586f38366a3070657a34656b4d425078564d42696f4b424f5865684f42587167492f7553614c595175445762656435626d364158784e684a5334424b554164684547717a544b72346c6f42312b353075614b4d3552766f324f63786439697835705a326d55674c764a77584e5536524872325650425a676455636d6c7172534e3579556248776a38575150727a45484b7134737333385a4b695862354d44304d2b45615a2b415158596d66767055624a324b753143346c4d50444c487434463031726d4a52305047757669796273455945587735754a2b50356f5041694e6c66415377456f7774433039472b376a717970734771614375426c70326b696d766d736a57425563584e4e41574a3456346151457a73506547522b794c4a3869543631613856766d734d63456c69436d3157582f2f786347322f527130334873376f3047446751686c6750734432444434684d765a3343656b2b4a4f3251656661316d3058665634595661764e4f364746754c6577306d70725a4541627545356f486941586b2b55486967624e57566c4c6435527534644c54575934596a73705271714b456c76703264656c6a684a46717435466462796677667a59474550447078536c42456f377031376d49716a43545a4d70676742626b42726d6d3239584d696261423170516e505a3142354b522f563564683752673767644573624c6b353233736169513455656d666e707539447379784c6f6c30702f506c756a6c36623637466c54573463633956436f5774306e57514c63613372385838725a7961685055697774676e5434694c71524258507a566162722f664134415833465a4e3433466167625265367775684438783563434343355277355258734f35766b5a5a4337672f52537167697a6c486544796452786c4e61314a5a4338632f3752633852665532776567442f6a4350616168696479487a733934712b6232345343786e6d4a54474d49756c48716c537a4f3534566a7850394f5a6d47314a4b4b724e2b4e7365794a557148664451734a6d74672b724d344f78357270625234793057477369715442437a4776436552522b57486b665079317364455845735068767068327647346e56714c66443577484c434646665543542f2b4c68344177374c6174565a387770516f726f3047446751696867507344496a58516c5a63644d59446a6262467342366c42614d78624a726b7a33315068502b57317a76744f6779454b61594b637235624e6e79502f4b6e65564d4d43717a484f3756506a79397a623234727474434b6330712f5751526a4d6747716e6f38736973482b54746f2b5a617850687875696c7547697a6b6f38685346667769697057314f486664517a35696d34556b474a6c427a426d4f2b586e70486c376a6e375973654b586d54524f416d737778534a464d6a62613779526f66696b524343776975627866352f526568542f55776a66446b4d574a7a422f33516b384b727a397447707773684254756c377249314455646e4c764254387a347a5846596e6d4b3842625948416c7632756336526b71744474704251454973722b6e3068623278493536626f79533156314c464d69746972456367536f4b3855552f49637250553975682b6b31396a45477446747a4e67595963574d695253584f394149454b325765376e474b662f417343386172735533424d6d6672435758616830794d485875584d677061495943354e6a3947475a6353394e58633977516955784d394b4a4e4c76687966576962654f703636433869617a686b6d6e425a684b6d7a78366559706453612f3654374e3154464d4949337a304d73534177475a733749726d7a49524d456177796b4275694277347364465a66483653474f51426f30474467516a6467507344452b6a38434341466d50526d553056334a49436f5a4f596630326855675a4c364b72443856664b6e4d7049654c735a716866644a79676467763664314a486f7a675356306345715938694d396547777842714b3065306c55795054573574745a544877587863546f3737463458686c426132356a6c77375868644336755964313832494d4d5969516237306e675759303461696943696e375a4646396251425352736267754d4b325552775a615a4d5470715242796145433064494a666853485667324e626d70585766334d6f684c4e744b4b52596c78433557685752734e37752f553470356356726a4b73756d4d6b6c4b417a544639586353536e324e3846335762557a696978637937424a5135454e304f305a4b2f6a5a57494a6b796c737766586f443251627a5972714a713047324474303058716f5247447a6d71744f4a2f4c6e50352f766136554e5964497956676f384d6c6951547a396a44642f38314f4a736246634f65346d63552f7261414a3654784865735a444e48444c5332434569694f4839664b506b6749326d6d6d4847727753416749493173574a75426470316578305a35566f70697349632f7a7a6f675871472f353055373837387550553634303446527530533556576d4a5133396262437a42486e61586f455a414b4a5235474c31576d6f44464a616658483535482b317174624a634c6f30474467516b5967507344476e4c452b4330624e4b6d4c332f2b3761695671696f6d637331714c55556b584e674e6275376a2b494b50634d32385943527078626a34742b513433786c593243424645616f5345656279684966384d772b484c52453236574c654c63426f774a696e30635947645957626c7a42684d312b6153474132443674534e62594e6c556e4973425774685575756963664e7a397a475763517451426d594b5574545851767732324d6b79426579786e615455657641443367393553344f336f6b466c6b375850505031344648615543326f6f2f4e4a6d782f452f61746f42573752564a5a3067614f6e3944382b332f4c777949614774695133332b5877565a722f415061577948617a73444b6a5a2f6c705345424933304e504c414b316f59736f63363559736747716a6b622b772f584241707a49446f343061664a444c4e7947547a4256775746745776456c483569737978633063426c3450705a775361656b31715365696d326132667a6a75434853584b38304f334f415a6c5266374b72664f3159334c324b533542614274474e396770452b715362454f5072374371447554377362627144364a4156387a39797252796c523750426d324c354f67694e6a456c4646637a77556b5337724d446270693036576a5a33736e776578337a447a63617a475957726e4c7354353073674637593377502f577468785063436f30477067516c5667507544663338385153576d48447036454a566f643774576a723679764650696f366d7351636878546d494870615a4b33426c7645796c54507642767352472b6b56566c6a574e4c424f394266316e686462626f476f694f495656757932516c6972636c4c4e43516975657a616c5a6831764c5163324e73584c55624b79377151664b2f51644b7452506f657934655441664f327745706f747a7537756e76727645394633357973785a412b417a4f50496f6d5a2b38433345344b34524a764f536b2b59734d3873794e66477843495654685948627876356541794b4d71456451684f5254754949583550545236504c686a655836357753474e657054673237474e6d36486c6e7a656137705a4f6945736c71713658736e464b6f595138676875655a56793774634950484e2b65495450686c586877435943593039754e5051794944773664384f4878493835477a6b574e766370423054785847715970636575667a314f4d6f5063704479594f6137666f4742734b3252387a566e5959332f6b44323057376d4e6153637356716f39445668642b476a3772614b5a524556355274334245356d4861464b31313155304e6f707a4d2b30574a4a3246774d646c356a41373475306143767846774d4b4d786a344f376d4b546b4936654a6d79556263566a304c6e653946654764327966447674634e423677685834724a73454e53757851635a61705734367472754f42664d38706a645448574764746866736b7546657137364763537a35566d4756512f47716a51654b42435a47412b344f626f484674734d7475764131754b394249713044716a4970765a6142304c7437507777745675434d3549656739496f5372726a435077524b4d476a6b676775645a68342f2f57645a4c6c44716a4f6e42652b743237382f33766a6765572b66384b2b6c5146386d4c7369586449616a64783245455932793134496854783453374d784a396a55336f554439323751556d3068746765337461783262482f77413041365a496169417446395771394f6359444f325176526a682b4a4f5641547a51637262453330414356614c4a436d355a7249544f646a615436744558686134584f52444e496869434f616d39304a4735794d5843686a454369692b694d646b643876652b7342444361344a4f3672736d74736d44336e632f2f726b433165382b537466342b48653633344b2b36796a45304268334834382f6f4f50734f726f6968772f74594f71444355752f4364746632524b4d6459393471444a704a6a625472346c4c2f75494671766a4257622b4246535872676377756171356658576a565a7130593352784463336c6171326a764d31784839376c79585a47393165732b794f6543714753456665416565425041554e4346327544462b416d78564449557049614a2b4a362b752f794b4e5a6d7065675769315559566c357641316d7479695437524876385550705948686f72706569632f4670544a7a395750357649644f5a4c456c64696e5a7a485348334f635a596f2f4d446f363863773554544362434c646475644a4155686c72674c3746444558534d325246444141524846617856783653564e545a5a682f455869734d4372575141436f4644484c54556833447743645570456d4f6a662b73696b4a476d74554f4a3564427551364e426834454a313444376734422f4850474d337755586c72715668595141695a65446c346257506f5a653236724133324c483159336c474654515a6b6c766f476c7939546c536d736d2b4a323641666673324e5264706f6f2b4c75544a30666e4e593155472f7954433277394a6357452f62305566795136443433514e4e6c333847696630463361423345506f46574a31396f2f3069326458704c533742676635763774443466626157685a426266364571332b48353173346847643465436d692b615a757a396e587245546b42373134385a4b6f7269534d374a776d6575734a64786b4e2f4b74363368445a794a336c3969736b474d334374482b6b31346561384b2f302b74666630507252426e6a737a416445477969584443422b2b726b4143355548454879754568615177666472762b41514556636b6b4a4d79534e67673370444a51387232514164726a354972387a2b7a4b54567775577638467257716b77475166444f32594f5461556c664d62344f4c7772624b4b386178655274753630546c7a682b6c677656456964637a6a4a6e6247424346616d374c67796d3272453861416b33616230797030734734335770444c53357a4b4376676c6b517171452f7954686f73363654767773685a712b7a75437551307a486141725452564242674e4e744b32543771616b706a47466c49396667787450596e33335776496d72707a2f6a795463704e576a5159614243684b412b344e2f67423154744b7a374b4d61353657336759305255323870416768417676354156535967424a4672574f557134304c655832583272384879395253457366355677577446774a762b5648385279697667574977786d793842467776444777446d68524e6d796548537079754c594c784856523875464258456a6d634956676738502f4d4b455652324f357366795a7652444b5a655162353279454f6c785a4e346462714552342f673450596b415a36556e5a6f4179516f7471776c7a383178796d6d5239712f51304a77334a356e787a596a52453744712f665a4972572b6f4a4f496d494a51385667362f387573563478495963542f43576b32447a4b4c634567635831436f392b5534376e7776593157537657594154726d63744a4e534b704d4b533450366c54776d64724c5856666a304764346d414637546235413647667a4171536d4f61766b665747564d5965307a4749386b4230694f6a7468745276694a4d6e55345062673661727730454d796d486e564e4d41706f75536831664a704834415771586a35346839316f65446274336648413361686961356a572f78516d4f5258544a43374579756968437330444f306b4c757051586958684d544344686a5041736e575870415748674e2f735a4a3239697436396f4b612f596a43645a6967687551534665316b54346c596e742b6c6670526c464d736e4d6e6a576a51596542436b36412b344f4166783332325154306547537a534c3763764b627a7a426356442b78767443465950412f574b79343573674e473661703459634134464d4c4d3678647656556e4e6d4b64306f6347534e586b6e585870394438794768494e5a584c6769386444526a4c4a66757a7155665270384e4162472f70477437705245643557516b3134737767424d38674c4357584967546c413375796c516f7857416265456e324d6769763136444a7a32444263706a424c367172706e70764d4243583675694446305849547132627a564f42672b2f76612f4573596e6c4b532b55503333575a517846487a6646527866454f3278494c7536776159554c4551356b474b4b646d383347555475657a4253426e5648436c68314742596158536b64504f2b6c5a59587237694b39734e5636544f6f5673364f4f64644e6d5676326d487a5a503358704a6850776b30694842737151762f64572b45537a4735516837707270745450735a4f5a55512b735159527745756878325853566c7574455941695053756b5a6f7a37356a797338306a322b4452766e4c7156477267674b535331574b387335684536624e79677248516f4150507151745077454e756f6d554c35732b572b485a497445303170556763323050314a7949655a4c6956724e6439376a317a6749776f6e70526c5078507a744a6438307036486d2f313931703043464f6d6430387077486f3047476751714c675075446634415832754878456f394444325058713132754c75302f6156656579376b766a7532564a536a48653969472b7330687434564457515a6875385142585a4f516f355670425066356a73755a77575859704862484d51424f41753371537a436851636a7641384b4e3546446f4b596c3854424b304146687a5a485873665962353675453261766348635958543958504171663437783561344371395668474777544b7554486950676f35594c467271316b485a346d37327930504a665774744d64326e565a30554b6850546c5630757973512b7a4278436d334b63573275767564356e6b6f59676c6a634c785a45712f39367231747a414a5049726b5356654e6e6d564d72636733572f72674552725a52365a4f7230376d41763978454351634843726b4a576f68466d6d5163536c6b635162485674515a766657304f4f497a4d316e4c786f596c5538756a366170654c45784c49566f6844583964563769744474524b6335743233566f6376366a6d79684953612b61584870772b6d3662704873412b5450397750593859304f395354724567555875672b4a6834574872595a686247694a69636e7773706245662b357943446e39634870654b68436654514146484972716458426973422f3362336a542f6c443057483879623855584849466f5932527238494b764467546834486c465634686872307550394b79335a6f6f30474867517248675075446748384a6f68725162766253774b363274535359644c4e706a444d5a6270683977623730726c5878664842696e694c6f4d702b6279596d63584242335054727a676c797348413857336b473235575846364e2f55423062746f346d76484157714d464767557a4967785030305a69416d536a614f544d6a2f52554745794f48416a725777735472374c66306f524b395567746a4c472b4c78635a613533717a4938367363414468666c73697a656769506d6159584b6751345a7a41676d736b356f474f4e6a4846747839457369484e6a6d706a4d6a4231373677524b42716c4761716f306b6571626c2f7645745570776a5148654b783930797855324e4e6142554345554239337477534647584842674e72776f476a5056584a4e6e5438523749676b6d6c703449315561774d542b555539483555597849562b574f69324d4b766962395659665935666375474753766b6c394b55313841355a71452b446d63762b7a616f434739543371624b705a4a51764f3834564e68313347444a6d745a64716e446c797041786431335154596363533553694e53526c706e343157324b7458496462676a3730736472556a6656566b32646c54696e53614178624c4b666664453761726c416c587044436b496e414f5973644a6f674868434447336e4575713779534a766c6a4f496d4534562b744972442f4456756264722b762b646269614e42686f454c416f443767332b4141686a3442797062496e79304f34473633596c624a53627835364f616b5746526733546e334e703952574664627853384157436d4f542f5153732f51303050746f5744517955552f5458614e5a542b336a7456446a344344496651616c51595830386e757a6838444354714c3650473679457368476a764933616b4d557842484a31637a324d456869394d5066615a4877746973364f485a72556e6558327176586b784c6d6852594b51413274556d76553574634e32782b63316c6a6d54753858636f437a743874612b4c446c73723941544e6f4a4835583379554d4c61636e66514d51632b79467a764f797966706b794e76356979763079694b4d36516b6f586e4453732f576e484978505650676d553534436a49395377432f436e7252796c5858484d6339385a5474384162656355454c6a4a6c69494e61315639504b333674342f6f45514b384750594e5548654466747549456e6a5845505371675a6e5a6e696770484353707548484642347843685a4438336d3034646d694d4348637437785769374a6d34567878634e7a614b443150304538425a504d7169425a6c686f725565553579726e3067314364576836672b5036686e3031746b4d38577241735a64637545325a777332614532556179417147694f696e6262716f6578514e4e3830434975377076486c504b71486f4e524d744432736b50553168614e426834454c506f44376734422f494b346c6577626658666676516e557762654969425448423276754c584c79717276624c713533736575434830676f3479746b352b367a66636b526864304b394733415a4175464c565362782f6f546f35674a64364e694b4b696c4a41645147576c524a61323569705761377a5a4568555a6f387578643873647535535655702b5370302b4344674856454769616f7535692b514c6c4c4f4a775736364b5345474571394a3473726c4f634c4b5338634d442f414a786e57434c357768314b3158552b5079357a485567503853514e694c4b3435416e6f585778664e51616145705a484e67567978573661377032356c4d5172706731505a63784a5a51725a536a64326a334b4247343136565533776a4365437a4f576d704f33792f7675656b58334178506f4b6e654934726f656a733479736855413242705a6b634f7068624d384f2f3944496568346a565137574e414d79454678334f6d6265616a3952574c3975486a7238494a637836713935332f73684b67616d613734712f4434532b516f4c473356746c33732f5a73674536466d454d6b544b484652384865584f46656e734f5930326570774a4938465a50503757417133715773775a41534476624e6f4e4850574146546c694c7234576f776a4e744e666452534365314d494759634e6d694a4731535045316853676c6938465649716d45574b6f585463484f6a51596142433371412b344e2f674351326435694a66553633364d5732372b50456b726b575655596e584d38575a414b533157564568326477796654705439682b376f664a34432f5865415a5778482b6248336667656f6f75346a4435507739646a554251467472324f50354c71777a4c53776556665073614e527a4d445332746469356b482f7139702b61497271472f6b5661796c34756b6c30376c762b53794f5465392f6a4a507a6b52504f74424e4572676a7473514a4566716b4d7931716e486b4a50366c6b65446432656e385a5a6c713567566673312b504f443039687066474b7a4b775a7a546b7a595a696f2b556d6a554a2f36436a6c53676f445a775a584f476d2b4f5a547754507578784c384654356c3373734e5554547434792f396d7154725257474d45546e796c6a5a726d4d744a58304d66574e41474a416a7a4c554e56743579597a656c4137762f6265774a5031456b474a45683649333642572f2b4f6f54586b33446c7a7461552b2f56747a773935697548596a4569355953425162434d6e415565796558616d553836337153785746467a5a4445626442435879765473386d35475a7a335a333738627478334a596a646f49796e79325468356e30445a464d355a65396366737677646f354538426931727a6379563036566d7a4c552b46385a69702b6e62503457424e73794d4b78793768435a5472495836784e435a5056756a51596542433765412b344f41667836682b45746f7a4b48696c703764426831652f3332734d6a6d4d6e436a7670674e4930454756654a714555795577714a532f4f7a5969477754553076376e38764b38387a6364447374766d4a672b6546444175554b57747831397672345a4e746b647645697262334350545858795743355167524f516e47354454546233394a756478726e796c7351304c454d756a3854414b567943774c552b524363476f6651595332367a53737448467574746564324969417630783975796359324550683255463276784f6a395a77626835462b6834676278634e5761787741417251546a7274784159546676393838336555696c6678686e4564614d6c2b496f466b6c762b4f33314e56355533644835334a2b576b6c544a4a79346b52536a2f575373466448464f5a562b397968523674764c4b384a6935666c2b5776705049787249774562704e6e323346562f784263374939414c6e3150335844674146337a555064525338366f696874385973565a68412f68687868576f4a704b5174674c55347272702b68646b5a554364367a7352776874757537564c7541456533797275674e482f53476454787174787467536f314c6477687254785856784d4c7142425a773261502f546553766d73694e6553384b48453254553947375647496f4e634161576b414173326774364d4e5573364f3536482f782f4a557a2b455154316f3047476751767a67507544663441316132507579795762596c445132616a7a51336b6c4e4537553770334170427a333341683967577637674b54614f304e7a306546706239674649346345774341653841447258534a53734679666b6662434d677469467658454f654a52767948446c354b48533548497771384e4f2b7a534957466768646f47374738756733596e516971504e42756662564d6245396b767776587a59526159446c5362384f55743432554555554365414e586c485942626a683054547273566f62355955313377576a656974392f623734306f6938506a304f6c734a486e4f646a2f724d42316141556d36394d6c61412f4d417968377a6a696c61656332695748494d704c6937334b59344a74374a32426f6a375a45365963512b2b3778775431466945686853633533565038624c376b5566445470644b414c61584a59785967455379786352594c5170794132654d726b507757735271376b745055357a57656468314a32485538584f2b734f35517772306c57473755443243382f56572f4a533757457957306e3274354535472b53353230462f316a4e6f6e6c3439445a794a635a6773364f544b70544e636a746a48624761584d5834674643432f6f7357776849577a4f7a544b6c313957306e6e7653634466646661766d6c73624c39715472637a4a466459394f783538506757675a47432f714e4e616931624536796133496f30474867517776675075446748384a454b2f636d764667345a6c693231436c2f4a4e4f3758725730384c3254765569656d4f707a5858724c34752f7665574c526e6c676f3141566f6b49736976384e6e3565584232337476336c77565767526349486854796c3034735771514d435a684c31726b66595657397048736369544b6876543679696b35336835736b4564756f56744d667345374767436b6e5365466c6b4870313764524d666547595557746656713573347661414f4e656d654e6f7631703278562f74704376674e625a3642544f53734f4c4e4733693935384537596e53687168724155363455384e6d704f3861796b5642682f6246634449766e6d324e593973635875345138662b4f3638552b64464d51317654656a664a364c74663062584e656f31576f6a68564742717a78315735464243324761385445526976705534783652767369784d6d7a313468764974704861755551795736336e58735665462b59574d2b6b4e2f4c534f74476d634967513661515347676d51755335512f495833655747636c6d4b767634663458724c6c5a35303972444a326a664d62352f6d31772b622b46475431573949304b70504b4647497938656e6f2f536255692b3178764939764c7172424f6d6c617a5430586279586c3870554969494266586b4a724244374762664c3330494a76534c4e5157433750394c74724e534939696c4a75786c326f484b4e42676f454d595944376733392b4657503757386f4c585339306c566f5675762f36435839474d6f6f2b78395a5930412b527241434b6a495a42305345666c75367169363637634149614a4177694b536b644474465157524f4c6e4477324f663870564f704e4b7947416b554633436562424e534e516552785a59747a495236704e5754467144696242625a51717948647267687462795478343168376d736d46354c74324151464764654b77615973422f68444944394a657a332f7965323270745a637264362f7565746977646e583741374745775a3273585a4d574b464f5954794662764c524a776154517a636159585a50375661626d55566a6b626a5a674d476259412f376f70646a4c4d306c4a4e743032584e5263744b364759346767523964662b575768522b513471452f3466704c77453358693059303447322f5743685045706675594e6d753055426773444f697166637a34613638412f565a63666e4b7a5179483057664c354677307459583846734e517378344673415a427356666649424678782b50344278466656444b61634b5563544c6c564a6e4a64446f775741592b545a4d6f4c652f5033436f524873463633456f58725a5a755251795958333144644d2f464a4153303776707258486a57355253574d4c354f66524d4b684a385946306b766c6c635a6966586e7149422b356161774e464e464a3463504852556f3046786751796467507544656e69617a7442635447416d4d6f533047717a76526a3171594d5965556d68794d686b6c47674c70736556326f6f616c464757472f615037503036665079314465714254526972464f45767675646c747366562b58384d33345357714d63475a612b3547516646575663616f6949624830635a55525467493565555578773668565a43666232356869347a33706d4e6f755a516f4570545238744953466349467339636a5635613375583846724a4d54724f675a6f6f4e396d4f724a6b4f31754f4a77485770724a744a7a515a495451656d6a6b332f68755262682f4b334142685932664e37784d58627030376b314d5a547437692f475653356a4a6139712b705a4266476f4848664936366c446461704474347837556b692f6c58486a7464434a432b4644726a2f386a7077584b676878396e3137524957514f6c6c4f4a627634752b5678413255494a5947484d6564534e6e416943712f62466835644346304d30734d614964484274706538625444536669382b4572416959466363376e374765614e315731547070496465463263325978624a58427178794461637146476b5166775474722f70704b697a794431776170446155427174355a364831644244555a2f554c4f55554f336d4a555437636b573430445039394373474a6a53657068626f30466767517a5a675075446558495252373148394656736a456f5541776335674f7476424535454b346f474d534f5a676e386a636d506d476b6e592f675932663950334a4333734e7a5453706542744d58784e7461736a7451635168304d34505270634f595330416f755a6a3555676a496d50507753365132366e52417a55376463585756505430746b4a66374a5662562b3148777377614e6e695a2f4f4c4e384d4954777962516c6f50766d3446435653354f37475436786154445a684564516e7578355247616f7365695957532f2b323868546764344f324633334c4433533850475542656c61316c6b69387339716e5743487a2f2f6164594d4d71646d746f6c666538696d75687a3641513337595047375331733050643235396338736943385741486674342b593347686e63415a59326c594b6a49464e6b735459326b7a4e4c4c6762474948705a7971795345314a31684370636b686e6233756c4c5a474261372b6632635a69726c70414871706158394a364a4a75636478755a346269687134384f77544f397642443550382b785554743442556b6d3542646875744e302f7135675038577a75514f5058552b5953534b7a5a497342626a6665494930495a636365436349696c7336437a69766150706f4849614e425549454e4649443767334674676364533961644a5451374a7247636d735546725641762f53636b7954646671786d5747462f48434732626669744138625853563344313057754a764f387a7a6e43537a6d4b316138684a744473524630447578624a594779546370474d2b6d617478696e3430355a45506b307035355255644244793842617759676d394164684e7635566c636e64414a306e6a4565306a4738506a71434b762b6442516d4759366a4234552b5858734e3077637659634449346e6a6b3666494d6f5543665939414a4e466549692b7568714b7343376b4f2b31715437434d61476f4a6e706e493234423776366f594e63624946584b3056433236735345674a62332b4b47773358686f4e773472423049526f4f3171556259616a6d714848374d4d5278455266644f4658676d364734754a55594534487a4d5a4f4f3852746d3437784e546e477379452b68774a63745855645543364671347a366b5970764e2b643542414b3945674c6c416e52704469684c39735a4a2b7769794c486531585549313556736a4e57324e37646b6e426c777158616378456732347533674d31764c724e44567366584a536d697044725748684566684b64666768614e426659454e555944376733642f412b5a4e50332b2f594232572b66516f4444446749304362737477393759544d33716b493856744e314c7267494b74383074384f562b516f67465234424b2b2b4379714d324f4763507136317a32516842706d57496a6c7932773878446b4f35517a32706c736f70436c394732674448344e2f31547939676d6b694b4a72566d7a77417639322f414659484759375853795141334852712b634d414237304a43633466476a5953493672454743496532326c354e3447324f5749426162373648484638626d6b326141697130445a3442546d305966665a6e7032637575544264765034595a447641654f744569484b32566d6f624f3133666c4b36524a46634c7742346f694453534e766463334979396f765049646c30597961596e38794f4e5255794547786f443345686142424d77636d66654d5677667a35387a77584f533034314151624c43477179556e77307470753776706e7a5369456d73544a49565661476d492f4243566b77646c676f412f7467304d6d7270566c646e6e737378345336646333412b7944514e69776659375630525a686762546379557170722f4e51757a6b2b7645776e61523655466e4a7a4a69527846523557375776747a6b3449634b4f6f39424a795849723364306a464f4c3645596f30483864566b4a446e75417a51347862615344727572615677364e426734454e6a59443741794d6146386d6f4850796a6b37322b6e78425368495448516c327937546450657053414d4633626d327446677459656530336d4959494d3547746e554430354e6a397645502f595a6163344b304a57796a48435a6248784342673831755462585963357559455473477570612b7a42346e6c696c32694c7a75736b596b642b4d2b545645734157685441497a5570535a686647346a4e306f6133704a6e30387572592f7a7049646e5834487333736f796253796b627233317565694b436337664f426963415458534952382b6c4674666c6a4f63316e374157324f512f464f49744b32526a73367053377a51734769567379664f58756851784a66582f5345504778716f783342444d2f556f4261707a6a2f4c482f634c52614e6a425a682b592f4e61444839534c2f516638557770794233363957372b744279433444476f6e70362b6e4f6f3730376442337445454f76426f474e4743426e69567457373743382b5757766c4a5449444e354d50423064315475736a387445697167445877664e446e617a7646366452764d32517135647a5447786830444c63305767575069357348626e4b6b35726a4e385464524e6647314537786b41696e454c5664744c35522f574a71454a4e6435564e74724468376b6b4d7765586f686c75505172457332657a712f6861393544393246585a4a3567636d6b53442f4e444a364e426734454e7959443741787757304d54316475545a7a716f51767932356b346e2b7158613163576a616f4f4c3138593764364459443357736d35346d6e6670414b2f45654436334879702b394141632b30355a706779414339756e4c7532447a6b31693679446262726c4a7939564e445a7777686e576242642f596f4e4341523274674b684455706e4b72515038744f5963315757664f693866643879416b6c532f564663706f642f6e72565077506a34664663396c6739384c4a5134353579477266482f716f75616f4738767964485a41563633565474447a48744966614d4f4861364f4e5230674c553252326d634458666c7852627456596f724b59683776754f45545578487056725a63494e475056766b565558796b614f32496749624a364c734558786e706335454152736a576b592f79486670637836736359524957613442746b327a572f6f71664e552f714947686b51655655345047724746525a59666c722f374f736331764c792f644e326e37444a784f6647724a476d526358677272734a792f6c384e53325856574d4b385074367837745362486e554c4945516258354d3350585150794c534b59656d7242303158333578546b626b334231475a4a76626d59616736412f307a5a4e5747636c4a7639637943367839417a41754f626e343850394e70536c2f6d577a42474a7352727a4f38346d3065507471576b5238364b4e434259454f4249443767332f6247726e48665a654142666163315a706d4179463254687253436577786e45754a477a67536978703844745a6e535536646a534e5139354a6e666a49727862646530506872395162722b3554595655506b427547723757656e57705748782f315767364b324f48336156586e2b663256546d45637142723279774b556562384f344868383146764338482f733876303043706d597970622b4771713074784a6352506a47672f455a6a563358334537436a67676c684f575435457977505756573576555151634f79696478364d43703437343134473277373471395132794a4648476a5a444345426a6874702b48344f50336c504b664c796949693533656e524e486751753576686249424d64692b395932694d6550495347683156792b46493730726a6f513973496475544d552f32486a6b2b4c61705632716f616c5579302b56726e5232675a6578623734384a64653150394a756a55626d46626d644958583132745131326964537458716e314c37377554414d4844314478384b4952393459635745336971474c71757954417437754f71424f7253424f4c2f516d4e2b6e6c457359724146514243724550676d766d5341496258584b61555343736b4b32316a375055796762777253546f333549597346315350634d5a77417a2b675279627a4234466f347771794b445a557a59534d52785067386633694d7742486a6f6c3278314a44344c396e6e7767585847384e7857764d554d6e6550473757745637634d376b6e6f3863664e516b3433445354754752696e596e514a32426c526e5a394d4c6864586c705562383349526d684f52677079416c6e55634c3155355965747072556872354552317158422b695558366263756267784d366c7231775062674e75694e396d6352643435317a387a4846476b4c78665364325a4b4955616149344e6f68756a51596542446b43412b344f4166336e5a6d494a70384d746b377a32502b644b636c73345468434e564f3538524352454a65434351416e4f504a5552764f6a6f5a35785079546173775457395935414b4a505738766e6b6d486b5636376d6a396b484e466c4c7268705537314b52717666634b666f58656a7956536d3949534a55743362315041564d4a33587556376e665045675a3376433254535a764e6631584a6f794b61773839643153383742574a73376a785441677652457170495346304749374f4138714834615270574a51637a447442354850554769516e4f797347364735537248737150794741662b34676c3741524b354265766b446b717174566c4d485934543030654a4b7678494b634a4b43505471456b35435146484f315065476571524e67766c4b66677839464c5a4237554f56505172646e56526561537a484a56722f3872475468467752476f6d526f795661773478326a67654d4b32336762396354764a314a364b794259756c472b52724373474230357445534d532b4176546a566c476a565471712f67574676376876412b786b6759362b6f2b342f2f547558624d59377633765055394f7959584e69755432472b555471305448536f6d5247786e6e5331767a6b4856756e6c6664434d37434d48697a633132446a64445369315474355748394f4a586a5778385247736f786a48705371333950324c772b70586449327164306f30467067513539675075446633514e387779354b6a7077716c3148714177436b417477655063336c6b5067413250712f6f62734b34544a772f384e444d324d6e39707a4b307563622b61434969587268564e3944337938724473754d41346a4f53574c7477794e70707647302b6e43366e6f4b384c79704b4a365453525146445275565246423536596f4d36696b7665774c6f64575371326149315563362b56476e50564d766f6d6b70694c6b343969634e4c72643641474c3341306233777253582f70366a6268576850334d377030356f54567041317547614f52642f4c7157746f6b423470703773366b546c5a6e666854584e546c4d32717855425a517248384c426c564b5232495a38796b30654431677a4f444741667346625676524a63645671554c6c3261583347436e424d3847644e5173312b6969416a706a76686b6d38665237304538552f6f4b6d75487273616f36426e686e476d4a4739335251762b30362f4944546c50734966543173697954474c665176756a4a704c3537736f357050524546465961744373554f7a394665544e3576754c6c4c314878466a2b7177676e654368525951772f35557350636e6637795458453464796741414c6c474a51594948434536746d575a487a426f3674552b54484e315a5073773251637274364e425449454f7734443767327079516e58305779446d416b347472784f792b68647a3341764842705251596a49326a5655636b3446705867424d6b6f315274735733664d79484439343852572b7a706967514b354d4639486573746c5241342b6752566a534976556b73726a3374684659486b6d764433344b6467757a684a556c364333684c6877397645624748735858694d7654554478634b3978737869536b76616d35737a616b3661796a6234317861766f64653631337a7745656b724563555337684835517161516930675539766639504654626a2f4d5767473672617a4e5556566879654f514f746f78336a6d44332f7276466746766b6a2f6969586b626847554e5a70786833455744796f79694c306a7551422f49484161665642486f38553339395a7070314c394c597433675a5268612f3275527435645166392f772b62786c4973565143774e6f6d753132454a6e307a7a32624b33334a632f4c373645677864643267597a72576e59666d66503550663832512b324862725942467457734d64722b68466c304f61596e6333502b4f36747971344174486a6a536c6b775a4f496135774a39547a67722f6b4f3142367445497174524e486f3046656751372b675075445a5849513449724433466254576d736675456179636f4655457030464d3659634677542b31304e52584e476a2f436364423058747435615541616d425758502f644652536e43556c7244554c446e71762b7148727469582b71775463486461762b51546d6935717750786b7958644a77354a67656b3071573371394a4170644872786d5656476374707851705357376a6e4d31412f6a4c455a307433477143663352674f386f586f323932454a614d6b72446c5153373669344a4a4a45303930726a71526d4d4f37736c586e683277556a4a46394656426a416f356b36426f71682f785250376a624157586e5159644b42625473674e543957625a2b437453334e654c734878502b504774646d6f2b6f6d392f496b667365442b6f747757706b3268504436333776496d6964684d6d576e30552b64486a454965482b443366746f316d6c5331473955675761394d4456633267572b4333545858546c50356a6a31676f6c4a676d5369495a3670726b625a3857316d6f5a675979684a586e6272413256526d7867544966694c784f6b6b584d514a50524b39446d4461545852584b667256347552775565434d4c4e697574394d6b4a6e594b4157427146773955667075633164394d5a6b476a51594f42447a75412b774d6a4f684b677a514d6d4348375a756177694b533531416e32354f7271636a6c4e7a47506c795155524758365542436d4a32325262736137747978304d76666774346d5556585459667078654b66666d2b775547613571764c61314e6b2f5a4a6c6d31456a79556753463664597971593955484c7a44433355735a67394b68787232303165785a52544853307278556552794758752b33336a6e307477692b306c396d306a2f41525365476a564c6364364152525a68615439777a56333559786836392f5936616a4642676f324870794f6f50696a743775385a70764236722b644e316a4d6f7a356b466665465079333342586555327a5a4b7a48627663656b77435a73566d6775576570347166364f6a6f662f41364f5a452b6e6c5846726e616670646330525359754d4931776f476e2f6b4b466738432b564d43682f304c78556a7150533972756b65787469764e4f3456686e63486357616d62484739552f6c4a5a526c6732777a61712b6a64334d477838396966306c443666762b487a355343597a4357494e56786f382f57354e7534784a4344314e494e30356c644979675a2f78586b514b445250732b6b766d552b67495674306b3151385662662b704a79784950484f6b387431334e62793375582f685266486d356f76376c4b70565169522f643354743435796d336b724a4c4a595a43527663397446656a51594f42443365412b774d636935656a654554334b536e6b4a4351374966364657344679534e79766575723850517375364247314e51546158354f55306c4c665432745258666d4b546463316f7a2b64737057373037636f3546626b4f69714d7331784d675a547871797458384c6e5a3169356e593574495a527455682f337549783148756435317637634b6f49395062496e6168507a47666f66697337324967533943714f7656784758426b666a53626d304872375158593868565647596c5a4851482f4f6a666a757a6f54786130764e386b4b41364171586256307a6335376958433547515461446d6a37702b717545432f4552494f6d6f7869534855386533347963646a4c7343765a336c75644b73506d6e324e37705859444d68655842546b6a486e6d7a443146476e4431455a67706b704b50563334786a6e334b57704d67624d4f657359526556696776466a6f72584f334b3734502b7579526d78733464324e503070727833645a36786d4269466c4a68753654644763644962314b4c726f67487574496d7149722f76645067324c3732422b44635465784e684134564e4f75306b6c574342596354576253414935504c635756422f51454a4347436c4e5649437753565875416d334c3836786550676a6d61506d32314c487a6c476756676d69364931485a2b62556b465344745067426c6331476377695853394745646d6f30576a51594f42443753412b775073306338666d3648336a685433463351392f686b7632446f5652736c6764595077647a77654b304865664158384339446e78644e4b61587a737a6d43457962427567356d555a76375a51414e5354775076514a476a3932336d7841517056547463573848694c5a586d44662b36643150784e46784e792f52427349792f485036797944376a53306a4e50496e64644959627a326b50656a59432f714572493966374b413343675a504e445a584c7676594e6245386d3276616e42482f61783456514b363670623567684f4c7a4f5961594c6442306a7968666e5a6e46746e58624b6f624d7955414a61783353336c36796d4e44394c733432577765533351775778616859376e573361686c42796d6d4b6f354d68366759614b614266422b53704a57586d72744d7850614d6939516c3743434d4c3437474944335544554a44523352705a5731536541597a335a2f5a2b376442655a737a62425468486e41485a4c4e563574487a516f59507a647a435048504d7271323270363077654c392f497157322b547055353230675138503977692b597671376c5547555a67567470385a6b6b45723449505357394b7465646961674532656e4e71397a352b315731524b4876443451746c61437342396e31653143647076314c704b386576555243324f5a475a65484d362b4a4b354d457150426f47715170444e7a2f75476a51593242442b2b412b344e2f6678694f314e426b777a7a47677642507372317766464871396b7a4b6d4f7a68325642542f7269315349772f3171565447414e6e557269434858757a4b6b6c55392b636a6a774943394279637049445636736c34543753552f6b73747335346367614b6133673452413930796837356b5265744c56475070574f597769524c3856516f634d4a6b576e377974687279472b7445662f484f5577666869384a54644e62344679753474776951634b523169414a313961615a796a6b343951674c326c342f493661584f37307a7931726f764739744a48423939744976665a3957737449457667636d4d6258716f57563151367a677630307277364973577362796d34307a4e39656d79554f5a5578664d755555437a4a4579342b37796e67635164544f45324c67654a3448333932515a44424b6d6b4c337779364d4739542b6c586a376a4479706f6d343341795a7a456e33547951317463415766387155365a6f306352776e67446555486379464c744f77684a4f3372516d69315a6233746d4b644e4346457a7568707a7274355a74346a48314675715839416f67645a616571667a7a2b2b463669326b755956354567386d38393956415a6e7534544969755079785555582b31366a6a642f69586735454c6a6f6e4e3448634a56634242596861786c59714f59614d4c32514d514d7a742f4e42483543495856676c6f615151597555616d676d426f30475a67524172675075446a6f5549716c6158515375462b756c35764c357778514f7a6a6a554c476e4644426c4f41325868447a6264532f49796b526431504b6677656c6d304b766b324773592f32637a4e414671686d4f4866453079354d7a4d6b3759594765547073364c7837746b58472f6170376f6d6643545031716146697331694d6956794e4e67615150477859653065537a504d4678312f6a655a794c572f6b43616935734f4962454b5465655058492b71436263355a747a38366d526c574a61732f65476b4a466c446a7557434c7635664f6b4b623952487658433274386c2f2b4e636d7634753963447769437a6d4a726474355a4c39343158416b6952527a63362b33665a664b376a595048764b6d494e486b545941564635676536562f767948776f4f70424a36463235354a37662f6c33543042434d61497a624a2f72425a394b6558572b55363875414834314f666f342f4a4c69547a7055362b4d3735486a4f4f7272354f4143666d4935556641304532455631526a66794448447a792b705677786e554f5a397a2f3435307559796c437046396337633969334e3775556432573049513548637734646e454c4253654e59374c774b7743703759435a47427230586c7a5777597173796e554f2b2f76616b782b672f69455465676b464246786d6f47735536307542495969756f727a48356351323654747433563732546b34656e4d516f4457596335325339303452456965726c45415053314132364e42624945515a34443767335630477a4238393278766537636d6d5a576f79722f4649595231796c64616e346f3444444f625a68454d73614f7a33794d47356162714c613179594871306e456f44473538314d677547654d495454702f2f5450614f317a5270314967435a717a75632f3241773064526e414b507064677937324f49586b5670782b4e4154464e463276573333516a4d4d303662795137436f55797a3344696b366d537447727432734f6448384337725936356d714d5042394457716b3739456b4f3948704d34635a2b53755a546639766d4643715a7164753371586737614662664c5a59576b34567a684239305641325272346858326868384358346d68385548492b305570524765306f5363675a4251784a345357474b3556596549505a5458444f324671624b4e35797673685a71794f682f6173315365424f3838614356517351695266576350456f5a4a53476867627a686f2b6f2f33622b70314b356d624739517773696e726e54417830443163373357684a677143426836497862613145487535367476683934663065684455366a4659706975354d627557533370766a7437557079455572624741597238683179544f5261756539733738335577534d42316b61635a45704334384d4b314334685165526c316334304a376a7a6a726d6a51594f42454b4f412b774f43526c712f756d754166614b383233586570457145323750694867756b6e514b5a496a636a4865576d622b3370366c58786f304343444e37324a47465773643436317574724172443670582b5043486b4535726a557735466e2f56426d7177437669522b56746f422f45734a576e757441353450326e575465653053554735484c426a6e53632b4769417433744f73366f5a525a6152736c784c5531706e4f476e375063576c6638354357727a4262587436564e616f5930696e32445849302b507a364c34544462722b6c4f78325a6873436d532b6d69755349526e476a677673585659676366577a374b3970736c6e467a4c4e514553786348756c5267597a6b594438582b6b4b495068386b765441526b5138475637464b6d36704c3865756e3133487946746a4c7a4f4e505758526174695a532b5564686d4e556f344f397a6475353342547441516b2b31702f7966354253347168444c57454847787759767566553671584c3333437457395569395938556f654b4b49764c6d6c66344367585435312f746d35475548466f6567304b744b4376566b356c66544546334b50486a693073413853556a50716a7039415231447a5a7244733256776e3931676243337a34713249554b4d51366c364e4967365a67325a4f686a504e4c664d5545336467494655396f487043697639346c76635857386353307538536a515a4b42454e2b412b344e2f6754794138306a37484e433966777949596b74433862496235684352486770446d444266675971786e554a3235555161446135715847534949554173585058697a41546558624f6c51633462626f475839547953317576423042314c34375265313868457a4f71454b41486c4542746752744f584233546631554f612b51544469464f59467278764259754952503234704a39654177733645314c53395353516b38375a4f316f376f456176587276317776652b536c35702f3653635841535476564876574f4e64667545743949304a7345776e4f4661496a774959314f746d4247616d68677972416135684641774855554f4f4e756a52775753556e76326a7878392b4f6a63593831734150684343536333726d59654b77474143467a6e37716a6a73554649597a2f3750532f57766c676c435734595333492f6f4231744c5a6d7350614f7869786663716e6c5a752b55716e4349734957414f5832766c696f557a5a526f685254686d33585448457a765531654a526f634e564f507a646b344e357177574d7535706f3649347863455967344e7070694b49702f53564b544d77514b6c2b366c6e6f6a485944547837657158425a39706c4752416d7373635032714933322b467634534c537748413731486168533479377a627654524c637755414f4f6e37724d61374e3636437235394a415a6f6e6d6144486134596e59384c46546a452b59486f48514764366a51596142455275412b344f416741324b512b594b6b472f6e386165346532355a6b49794c6c45796352667973373757316871734b51652f58326b536c33615a6d456150306b3578585475313450364c30666e64666f426463514d7a677673547371786d49667255662b2b54373857334c4f4c6b2f315069436a524a515a53305941583247672b3847787630476977364e524f722f376d6a576768546638483859454771565a4766715076503032614b6e546347344a4c532b6855516e374e526d386a74484237704f7937716d734e4f4841523853616b4a76512b5936466d4145496154756f41424e7958534d56456448436e6f58753751735463395550555a63467063556a6d323030434b6a7642346339382b57646e793866592f705862302f2b393344356157625873446361556c5168455a793763466e633456767569624876734231767675492b4a6a706961707968715054776c4b58724c7051657a302f2f634d5961644739542b366157524862795a30515032624f737a3563634d6862365430666f6a79496e344e5971646350444131364d532f436f727a334133757178644935355651354a3970665030776231502b652f7942617a62497a44625261514c5235587856336551497634446f517366437842756d674e6835316e5678482b716e6e5673573573723161585944733268416a34734844664d66332b57514e6b6a417255784f594f4c436a515a7942455532412b344f51684a614966526d645150366b4a43693362573150775a4d41565259314b69676c657455716468554a4a4d5044762f4443522b6d4f687655733874776d6d314a357a3077596570466f6d662f44692f4a627846426e4c51727549433767686947336664756b637263592b7343396351415137715833445554556e4135385a66456963672b716e4569434a622f4a4f5a37324c48336f2b35436766497a485a644741647049376a677049742b32397861493135455a644c4c3664676e576b364e6d524d67665a4b7957776d653559467a733973476d347173716f2f46304648626e707575422b3867344b6a327a436234537959642f73416c314255423531375549336a5544685138586e30497947477a3059495a33434a7a2b31354c3078764d6f48306e324d346d51424d52484d73637a436f366e2f614e4d576571483651335673784259324d2b4451575475514c382b68474e473375704b694d713776477251663241485a7235334d50334a35327749776d712b6a7133654b3139474c6f6575536a692f4e5261756963453547336d3030496c535378566c484230537a2b5561464f4f6f7a4868695059373957626165614d6c693250794c54786f7959586a4c6f5a576148567253645252453635474c4c5351545569357649444e4b38643745752b306f484a6b664a73365a52792b7a4a793767372b46657a62394550544a59744a303633302f794953307a54754b656166736865356d58615348364a6f3046746752474a6750754466584d4e67625865763476697a475a46712f617047616251492b376176496f6151567a4a2f4337652b59727444482b725651487735437732694357363065565837363130762f6b4a396877736c755767505450355a776c3933547043475a4d6f71353233494f552b494e65554175706258336970625035732f646c346d636b465434423746764367614f7759413932424f62786f676e38467836432f4a7761336e2f7457766f685058424f49723532773778786c4b536e536b686c2b746f6d4d32737075336b506a72534b45334a354d58336a775855512f69486775454241355a4a68706873646d41696e77596f696e4c39573178314857643736687a5041344730642f4b4b70703453346f6a5841423737756f6a784155382f536c35386777437a4e615a344d696e66302b6365506c5a6255562f627446636c4c7362326e707067736a426e4f6346774e34687a78725967745a4c3055327847334c53346c463435484a636e4a634b574a4457674548684454694a6f426e432f78434938737453584274724c784345363959472f67323631446f77735341574a50627147434e525a785554777139696675364461374566364e6d5459696f766777394c74693053597932374d4731457670556d4771674b44734b2b4a5038446541422b56536a51583642456353412b344e3466786d463963303661434c7035774b53577a616b322f42746a7537322b634f5a713534547479774b4e483044714976364968394b42447433336937794a6850785a5a6c596e5a48344c716e6763694f43755272442b6b7841716a7478633363715637727135536646656a7035376d3435635664594b32487a7448682b2f715532313337616a634863476577434e393632517a455162495450542f6b612b776c4c575162536e2b3952724b384e664b65712f2b6d53416547656366595136534265546a654b72544f48546b2f6e515a5345356e504f71447a5a552b6345614448414c386e6759427a5a7071357a5774567271344f64496b31442b545845544958447463443630522b5639536c655a4b515a666966533364336f47576b58315977586a44635a31755042575633492b433545306f4a674c32786467415a2b52764a72553073676f566b624d417762526b52415641615a536361586e514d41594d444f5078307162615041534d4f2f68374b715232315a416a2f694a4751433569335264554c63707372766b32697579416d645633627a5072754b704b766b627852386c625a517531523051504745745475544f79336f485659477835686768514c654f4f5a454263644e747171615a73754b7145334e45434e5043382b6a572f546846554c672b55552b556a63326e6c7a35336778546f30474467524941675073444f7a3258304e373168456965484c47472b4e514b7a58784c464e584165444873636430553368746f616138746d4375683530706138746a4938586b2b4d786632764a6e662b35767365734d374f32302b484b646f7066586d694f2f757a7073582f6b4f6758796a377072386675594630466e4d4d7477694b59755a546338743231636e522f4c454d6559613637487a304b6a7a546d39414b436438554c4b6c436a54515a6d387a3964534d48756177586e4c4c4a496e5a43752f474d53786d545331497774416d45305644526f4a43683331396e35764d43795858726675544e617562716b4b644835647446654d6e64356d5155394878385533454d35795235314868384c4a73364e336a31524f7a76705a734a317950733455487364317376684a7242742b594c73734443474965586d75387362536e4a78496c35624868777a5973325877776f69347a432f6a6e77346434594d45554263372b534843744f6561585470783033324f6f536b7839754879463743355a767372524e7a4a58636e4b737434417a4f6e6566577a4968354a4842775547532f4b43514b514968574957534d4d61586e6e494b2b447a384b6458745635546967633351544e796f4c5a714c4f4f454638365a6b376e77444d4d3638524e6e48697743534d7a6b416974667166665a51352f5651706a504c6d6f3757364463356b4d59786f6f30476a67524938675075447258766631687730737348396d79453373504a5833716950387333646b7a6e397a4156745832525a37444b55654e627a70374f7066506a457156585a7a7236784f5a4b6b3470674d417942793352586132375575546e38535069574e4573326e576d66744e7976683566724352343961466862356970786344335139683643335148372b5a5653634e6c6d517661385870585865634471614f5664787a6b4a625371672f5175636233457834445a364b6c45367a484c56725434466e764a4d596d3242392f4a78796d726139436c50373966486c7363484d4438584f526631317831684a395462522b5130674c743269726d684970584e3068646b6976542b39745a335a613732654d74453749454c676b646b425135754e6831653356323758764a394f66416b3053486930746a734b674374584a637568514a5447655648736e356f6935354330717145584565614e4e676b664569713959427955655a4849316453426837726c4c6c7079744c6157345954527462717278514a4f326c4a612f55417068786e4d754b75454b5251586f78556f7857614c4f4c57565374767159366f4f696d545536655a48516b446a676465462b74416e695948416f354962697042336b753975733542527a344e324342634e384e5071424d2b596f7351344337472f77316571664b596b69632b4c34794f4a734a6952344d3642644b6f724e6f6c454758574568584d656677715453392b6479763656452b784e6b4743735a4f6c756335343d, NULL, 1, '2018-03-30 16:22:53', 0);

-- --------------------------------------------------------

--
-- Table structure for table `nativelg`
--

CREATE TABLE `nativelg` (
  `id` int(4) UNSIGNED NOT NULL,
  `user_id` bigint(30) UNSIGNED NOT NULL,
  `language_id` int(4) UNSIGNED NOT NULL,
  `time` datetime NOT NULL,
  `prio` int(1) NOT NULL
) ENGINE=InnoDB DEFAULT CHARSET=utf8;

--
-- Dumping data for table `nativelg`
--

INSERT INTO `nativelg` (`id`, `user_id`, `language_id`, `time`, `prio`) VALUES
(3, 1090168801152655, 7, '2018-03-14 02:44:27', 1),
(4, 660454276020380500, 7, '2018-03-14 03:20:22', 1),
(5, 804260829616815200, 1, '2018-03-14 03:23:37', 1),
(6, 184467440737095520, 7, '2018-03-14 19:33:44', 1),
(8, 402629716513658300, 7, '2018-03-15 01:52:11', 1),
(9, 879091109123433100, 1, '2018-03-15 02:24:08', 1),
(10, 737277912960938800, 5, '2018-03-20 23:50:42', 1);

-- --------------------------------------------------------

--
-- Table structure for table `post`
--

CREATE TABLE `post` (
  `id` bigint(20) UNSIGNED NOT NULL,
  `user_id` bigint(30) UNSIGNED NOT NULL,
  `content` varchar(5000) NOT NULL,
  `file` varchar(1000) DEFAULT NULL,
  `nameoffile` varchar(500) DEFAULT NULL,
  `ctime` datetime NOT NULL,
  `title_id` int(4) UNSIGNED NOT NULL,
  `turnof_cmt` int(1) DEFAULT NULL
) ENGINE=InnoDB DEFAULT CHARSET=utf8;

--
-- Dumping data for table `post`
--

INSERT INTO `post` (`id`, `user_id`, `content`, `file`, `nameoffile`, `ctime`, `title_id`, `turnof_cmt`) VALUES
(1, 804260829616815200, 'cccccccxzzzzzzzzzzzzzzzzzzzzzzzzzzzzzzzzzzzzzzzzzzzzzzzzzzzzzzzzzzzzzzzzzzzzzzzzzzzzzzzzzzzzzzzzzzzzzzzzzzzzzzzzzzzzzzzzzzzzzzzzzzzzzzzzzzz', NULL, NULL, '2018-04-01 09:54:28', 5, 0),
(2, 804260829616815200, 'xddddddddddddddddddddddddddddddddddddddddddddddddddddddddddddddddddddddddddddddddddddddddddddddddddddddddddddddddddddddddddd', NULL, NULL, '2018-04-01 10:08:22', 1, 0),
(3, 804260829616815200, 'First start by reading how use XMLHttpRequest.open() because there\'s a third optional parameter for specifying whether to make an asynchronous request, defaulting to true. This means you\'re making an asynchronous request and need to specify a callback function before you do the send(). Here\'s an example from the Mozilla Developer Network:', NULL, NULL, '2018-04-01 10:11:44', 3, 0);

-- --------------------------------------------------------

--
-- Table structure for table `post_title`
--

CREATE TABLE `post_title` (
  `id` int(4) UNSIGNED NOT NULL,
  `name` varchar(200) NOT NULL,
  `code` varchar(10) NOT NULL,
  `photo` varchar(1000) DEFAULT NULL
) ENGINE=InnoDB DEFAULT CHARSET=utf8;

--
-- Dumping data for table `post_title`
--

INSERT INTO `post_title` (`id`, `name`, `code`, `photo`) VALUES
(1, 'Grammar', '#FR4z', NULL),
(2, 'Vocabulary', 'A#vV2', NULL),
(3, 'Pronounce', 'DDH#m', NULL),
(4, 'Structure', 'H!zKK', NULL),
(5, 'General', 'LAD&3', NULL);

-- --------------------------------------------------------

--
-- Table structure for table `report_post_comment`
--

CREATE TABLE `report_post_comment` (
  `id` int(8) UNSIGNED NOT NULL,
  `whoreport` bigint(30) UNSIGNED NOT NULL,
  `reportwho` bigint(30) UNSIGNED NOT NULL,
  `code` int(8) UNSIGNED NOT NULL,
  `type` int(8) UNSIGNED NOT NULL,
  `state` int(1) NOT NULL,
  `time` datetime DEFAULT NULL
) ENGINE=InnoDB DEFAULT CHARSET=utf8;

-- --------------------------------------------------------

--
-- Table structure for table `report_post_comment_content`
--

CREATE TABLE `report_post_comment_content` (
  `id` int(8) UNSIGNED NOT NULL,
  `code` varchar(20) NOT NULL,
  `content` varchar(500) NOT NULL
) ENGINE=InnoDB DEFAULT CHARSET=utf8;

--
-- Dumping data for table `report_post_comment_content`
--

INSERT INTO `report_post_comment_content` (`id`, `code`, `content`) VALUES
(1, '3DFLF', 'Reactionary content'),
(2, 'DDDDS', 'Pornographic content'),
(3, '12SDA', 'Violent content'),
(4, 'VVCw1', 'Impolite content'),
(5, 'PD342', 'Harassment content'),
(6, 'AA112', 'Offensive content'),
(7, 'GF334', 'Spam content');

-- --------------------------------------------------------

--
-- Table structure for table `report_user`
--

CREATE TABLE `report_user` (
  `id` int(8) UNSIGNED NOT NULL,
  `whoreport` bigint(30) UNSIGNED NOT NULL,
  `reportwho` bigint(30) UNSIGNED NOT NULL,
  `code` int(8) UNSIGNED NOT NULL,
  `state` int(1) NOT NULL,
  `time` datetime DEFAULT NULL
) ENGINE=InnoDB DEFAULT CHARSET=utf8;

-- --------------------------------------------------------

--
-- Table structure for table `report_user_content`
--

CREATE TABLE `report_user_content` (
  `id` int(8) UNSIGNED NOT NULL,
  `code` varchar(20) NOT NULL,
  `content` varchar(500) NOT NULL
) ENGINE=InnoDB DEFAULT CHARSET=utf8;

--
-- Dumping data for table `report_user_content`
--

INSERT INTO `report_user_content` (`id`, `code`, `content`) VALUES
(1, 'AS118', 'Bullying or harassment'),
(2, 'MN2GH', 'Sexual violence and exploitation'),
(3, 'GG2DC', 'Impolite human'),
(4, 'DF334', 'deliberately provocative'),
(5, 'DDFVC', 'Spams'),
(6, 'EG5H7', 'Attitude of disdain for others');

-- --------------------------------------------------------

--
-- Table structure for table `setting`
--

CREATE TABLE `setting` (
  `id` int(3) UNSIGNED NOT NULL,
  `user_id` bigint(30) UNSIGNED NOT NULL,
  `turnofnotify` int(1) DEFAULT NULL,
  `turnofsound` int(1) DEFAULT NULL
) ENGINE=InnoDB DEFAULT CHARSET=utf8;

-- --------------------------------------------------------

--
-- Table structure for table `type`
--

CREATE TABLE `type` (
  `id` int(8) UNSIGNED NOT NULL,
  `code` varchar(20) NOT NULL,
  `content` varchar(500) NOT NULL
) ENGINE=InnoDB DEFAULT CHARSET=utf8;

--
-- Dumping data for table `type`
--

INSERT INTO `type` (`id`, `code`, `content`) VALUES
(1, '1000A', 'comment'),
(2, '2000V', 'post'),
(3, '5000F', 'message'),
(4, '3001D', 'user');

-- --------------------------------------------------------

--
-- Table structure for table `user`
--

CREATE TABLE `user` (
  `id` bigint(30) UNSIGNED NOT NULL,
  `email` varchar(500) NOT NULL,
  `password` varchar(100) DEFAULT NULL,
  `name` varchar(100) NOT NULL,
  `des` varchar(2000) NOT NULL,
  `score` int(8) NOT NULL,
  `level_id` int(4) UNSIGNED NOT NULL,
  `photo` varchar(2000) NOT NULL,
  `gender` varchar(10) NOT NULL,
  `provider` varchar(50) NOT NULL,
  `dateofbirth` datetime NOT NULL,
  `state` int(1) NOT NULL,
  `stay` int(1) NOT NULL,
  `admin` int(1) NOT NULL,
  `creatime` datetime NOT NULL,
  `time` timestamp NOT NULL DEFAULT '0000-00-00 00:00:00' ON UPDATE CURRENT_TIMESTAMP
) ENGINE=InnoDB DEFAULT CHARSET=utf8;

--
-- Dumping data for table `user`
--

INSERT INTO `user` (`id`, `email`, `password`, `name`, `des`, `score`, `level_id`, `photo`, `gender`, `provider`, `dateofbirth`, `state`, `stay`, `admin`, `creatime`, `time`) VALUES
(184467440737, 'vithinhan@gmail.com', 'NULL', 'Nhan Nguyen', 'yeu moi truong', 0, 1, 'sdasdasdas', 'male', 'google', '2009-11-01 00:00:00', 0, 0, 0, '2018-03-19 14:56:18', '2018-04-02 15:00:42'),
(1090168801152655, 'ngannt1710@gmail.com', NULL, 'Lc Lc', 'vvvvvvvvvvvvvvvvvvvvvvvvvvvvvvvvvvvvvvvvvvvvvvvvvvvvvvvvvvvvvvvvvvvvvvvvvvvvvvvvvvvvvvvvvvvvvvvvvvvvvvvvvvvvvvvvvvvvvvvvvvvvvvvvvvvvvvvvvvvvvvvv', 0, 1, 'https://scontent.xx.fbcdn.net/v/t1.0-1/p50x50/23754830_1014103178759218_3255625551533095662_n.jpg?oh=9dabdadea73cff04c604f128b6e1faad&oe=5B453E55', 'female', 'facebook', '1948-08-14 00:00:00', 0, 1, 0, '2018-03-14 02:44:26', '2018-03-22 15:35:45'),
(184467440737095520, 'duanwebptudweb@gmail.com', NULL, 'Web DuAn', 'aaaaaaaaaaaaaaaaaaaaaaaaaaaaaaaaaaaaaaaaaaaaaaaaaaaaaaaaaaaaaaaaaaaaaaaaaaaaaaaaaaaaaaaaaaaaaaaaaaaaaaaaaaaaaaaaaaa', 0, 1, 'https://lh6.googleusercontent.com/-UDk_IK-gSek/AAAAAAAAAAI/AAAAAAAAAAs/0uoreIUR760/photo.jpg?sz=50', 'male', 'google', '1947-09-12 00:00:00', 0, 0, 0, '2018-03-14 19:33:44', '2018-03-19 17:05:55'),
(402629716513658300, '14020822@vnu.edu.vn', 'U2FsdGVkX1/DkPnKrZLX3SBw0theOsxg7rUulw11ToJcu1twzY6emnBFWOVnO4iV', 'Tran dai nhan', 'rat thich giao tiep voi moi nguoi, to rat yeu giao tiep yeu duong lang nhang chan that neu khong kiem che duoc cam xuc thi se la no le cua cam xuc', 0, 1, '/data/img/402629716513658300/12y5vbKEgebV5pThG1IxIojkwNTQMI40geotzO24gg4TU.png', 'male', 'custom', '1997-07-06 00:00:00', 0, 1, 0, '2018-03-15 01:52:11', '2018-03-30 20:02:45'),
(660454276020380500, 'phamvanlinh08061995@gmail.com', 'U2FsdGVkX1+PKgMkTztfI7HqoRrs6zN/ZJS9iluko3PILhwkQlPRpK6aea8O0VBK', 'Nguyn Ngn ngu ng', 'ccccccccccccccccccccccccccccccccccccccccccccccccccccccccccccccccccccccccccccccccccccccccccccccccccccccccccccccccccccccccccccccccccc', 0, 1, '/data/img/660454276020380604/ac92SsG9hcxp8sGUWpbhSh58BCUlj4eLwJsvFwEbl7KYf.png', 'male', 'custom', '1951-06-10 00:00:00', 0, 0, 0, '2018-03-14 03:20:22', '2018-03-14 20:51:59'),
(737277912960938800, 'nangnv2641@gmail.com', 'U2FsdGVkX1+pONeLWY0VQ+AY0zJhIrVJzrY+eceS5kky6ca0LSGfB/YqhFJF91V2', 'Ngo Van Nang', 'nang bi db nang bi db nang bi dbnang bi dbnang bi dbnang bi dbnang bi dbnang bi dbnang bi dbnang bi dbnang bi dbnang bi dbnang bi dbnang bi dbnang bi dbnang bi dbnang bi dbnang bi dbnang bi dbnang bi dbnang bi dbnang bi dbnang bi dbnang bi dbnang bi dbnang bi dbnang bi db', 0, 1, '/data/img/737277912960938745/3xe25JHfDI76fwN05JQp9eplGs8tozcVbunaPxXPWMvdQ.png', 'male', 'custom', '2007-10-11 00:00:00', 0, 0, 0, '2018-03-20 23:50:41', '2018-03-24 09:27:41'),
(804260829616815200, 'phamvanlinh20111993@gmail.com', 'U2FsdGVkX1/Adt8pRN6k9yH9rcVHf7V4Wvo8WnlIFubOktcf/EkKfgtOau6m3e8Y', 'NamiCambell', 'dddddddddddddddddddddddddddddddddddddddddddddddddddddddddddddddddddddddddddddddddddddddddddddddddddddddddddddddddddddddddddddddddddddddddddddddddd', 0, 1, '/data/img/804260829616815190/22wjwu5NQ2qBbLCYfiDxFXTYfMh3DClarc2x6DF38vyFm.png', 'male', 'custom', '1949-10-09 00:00:00', 1, 1, 1, '2018-03-14 03:23:36', '2018-04-02 16:51:59'),
(879091109123433100, '14020323@vnu.edu.vn', 'U2FsdGVkX1+lPiPslnLoDR2R2b/RNevO0p4kZKw6MmsoDSrY5Ic7xvs0FySJQ75W', 'Nguyn Ngn', 'ewffffffffffffffffffffffffffffffffeeeeeeeeeeeeeeeeeeeeeeeeeeeeeeeeeeeeeeeeeeeeeeeeeeeeeeeeeeeeeeeeeeeeeeeeeeeeeeeeeeeeeeeeeeeeeeeeee', 0, 1, '/data/img/879091109123433100/gHHXLgbaGiIqwo1x2Y8NxLmS2vmBUrmcG2SNMg6dgOw7i.png', 'male', 'custom', '2011-06-05 00:00:00', 0, 1, 0, '2018-03-15 02:24:08', '2018-04-01 16:10:26');

--
-- Indexes for dumped tables
--

--
-- Indexes for table `blocklist_admin`
--
ALTER TABLE `blocklist_admin`
  ADD PRIMARY KEY (`id`),
  ADD KEY `block by admin` (`blockwho`);

--
-- Indexes for table `blocklist_admin_content`
--
ALTER TABLE `blocklist_admin_content`
  ADD PRIMARY KEY (`id`);

--
-- Indexes for table `blocklist_user`
--
ALTER TABLE `blocklist_user`
  ADD PRIMARY KEY (`id`),
  ADD KEY `who want block` (`whoblock`),
  ADD KEY `who was block` (`blockwho`);

--
-- Indexes for table `blockmessages`
--
ALTER TABLE `blockmessages`
  ADD PRIMARY KEY (`id`),
  ADD KEY `who want block message` (`whoblock`),
  ADD KEY `who was block message` (`blockwho`);

--
-- Indexes for table `checkmisspellings`
--
ALTER TABLE `checkmisspellings`
  ADD PRIMARY KEY (`id`),
  ADD KEY `check with who` (`checkwho`),
  ADD KEY `who want check` (`whocheck`);

--
-- Indexes for table `comment`
--
ALTER TABLE `comment`
  ADD PRIMARY KEY (`id`),
  ADD KEY `id of post` (`post_id`),
  ADD KEY `idusercomment` (`user_id`);

--
-- Indexes for table `degree`
--
ALTER TABLE `degree`
  ADD PRIMARY KEY (`id`);

--
-- Indexes for table `delconversation`
--
ALTER TABLE `delconversation`
  ADD PRIMARY KEY (`id`),
  ADD KEY `who want del` (`whodel`),
  ADD KEY `who was del` (`delwho`);

--
-- Indexes for table `editmessage`
--
ALTER TABLE `editmessage`
  ADD PRIMARY KEY (`id`),
  ADD KEY `fix message` (`message_id`),
  ADD KEY `who fix message` (`whoedit`);

--
-- Indexes for table `exchangelg`
--
ALTER TABLE `exchangelg`
  ADD PRIMARY KEY (`id`),
  ADD KEY `language in exchange language` (`language_id`),
  ADD KEY `id of user in exchange` (`user_id`),
  ADD KEY `degree of user` (`degree_id`);

--
-- Indexes for table `follow`
--
ALTER TABLE `follow`
  ADD PRIMARY KEY (`id`),
  ADD KEY `person follow` (`followers`),
  ADD KEY `person was followed` (`tracked`);

--
-- Indexes for table `language`
--
ALTER TABLE `language`
  ADD PRIMARY KEY (`id`);

--
-- Indexes for table `level`
--
ALTER TABLE `level`
  ADD PRIMARY KEY (`id`);

--
-- Indexes for table `likes_post`
--
ALTER TABLE `likes_post`
  ADD PRIMARY KEY (`id`),
  ADD KEY `who like post` (`id_user`),
  ADD KEY `which post` (`id_post`);

--
-- Indexes for table `message`
--
ALTER TABLE `message`
  ADD PRIMARY KEY (`id`),
  ADD KEY `id user A` (`userA`),
  ADD KEY `id user B` (`userB`);

--
-- Indexes for table `nativelg`
--
ALTER TABLE `nativelg`
  ADD PRIMARY KEY (`id`),
  ADD KEY `id of user in native` (`user_id`),
  ADD KEY `language in native` (`language_id`);

--
-- Indexes for table `post`
--
ALTER TABLE `post`
  ADD PRIMARY KEY (`id`),
  ADD KEY `iduserpost` (`user_id`),
  ADD KEY `title of post` (`title_id`);

--
-- Indexes for table `post_title`
--
ALTER TABLE `post_title`
  ADD PRIMARY KEY (`id`);

--
-- Indexes for table `report_post_comment`
--
ALTER TABLE `report_post_comment`
  ADD PRIMARY KEY (`id`),
  ADD KEY `who want report` (`whoreport`),
  ADD KEY `who was report` (`reportwho`),
  ADD KEY `type of report` (`type`),
  ADD KEY `code report value` (`code`);

--
-- Indexes for table `report_post_comment_content`
--
ALTER TABLE `report_post_comment_content`
  ADD PRIMARY KEY (`id`);

--
-- Indexes for table `report_user`
--
ALTER TABLE `report_user`
  ADD PRIMARY KEY (`id`),
  ADD KEY `who want report1` (`whoreport`),
  ADD KEY `who was report1` (`reportwho`),
  ADD KEY `code report1 user` (`code`);

--
-- Indexes for table `report_user_content`
--
ALTER TABLE `report_user_content`
  ADD PRIMARY KEY (`id`);

--
-- Indexes for table `setting`
--
ALTER TABLE `setting`
  ADD PRIMARY KEY (`id`),
  ADD KEY `id of user` (`user_id`);

--
-- Indexes for table `type`
--
ALTER TABLE `type`
  ADD PRIMARY KEY (`id`);

--
-- Indexes for table `user`
--
ALTER TABLE `user`
  ADD PRIMARY KEY (`id`),
  ADD KEY `level user` (`level_id`);

--
-- AUTO_INCREMENT for dumped tables
--

--
-- AUTO_INCREMENT for table `blocklist_admin`
--
ALTER TABLE `blocklist_admin`
  MODIFY `id` int(8) UNSIGNED NOT NULL AUTO_INCREMENT;
--
-- AUTO_INCREMENT for table `blocklist_admin_content`
--
ALTER TABLE `blocklist_admin_content`
  MODIFY `id` int(8) UNSIGNED NOT NULL AUTO_INCREMENT;
--
-- AUTO_INCREMENT for table `blocklist_user`
--
ALTER TABLE `blocklist_user`
  MODIFY `id` int(8) UNSIGNED NOT NULL AUTO_INCREMENT, AUTO_INCREMENT=2;
--
-- AUTO_INCREMENT for table `blockmessages`
--
ALTER TABLE `blockmessages`
  MODIFY `id` int(9) UNSIGNED NOT NULL AUTO_INCREMENT;
--
-- AUTO_INCREMENT for table `checkmisspellings`
--
ALTER TABLE `checkmisspellings`
  MODIFY `id` int(9) UNSIGNED NOT NULL AUTO_INCREMENT;
--
-- AUTO_INCREMENT for table `comment`
--
ALTER TABLE `comment`
  MODIFY `id` bigint(30) UNSIGNED NOT NULL AUTO_INCREMENT, AUTO_INCREMENT=6;
--
-- AUTO_INCREMENT for table `degree`
--
ALTER TABLE `degree`
  MODIFY `id` int(4) UNSIGNED NOT NULL AUTO_INCREMENT, AUTO_INCREMENT=6;
--
-- AUTO_INCREMENT for table `delconversation`
--
ALTER TABLE `delconversation`
  MODIFY `id` int(9) UNSIGNED NOT NULL AUTO_INCREMENT;
--
-- AUTO_INCREMENT for table `editmessage`
--
ALTER TABLE `editmessage`
  MODIFY `id` bigint(20) UNSIGNED NOT NULL AUTO_INCREMENT, AUTO_INCREMENT=5;
--
-- AUTO_INCREMENT for table `exchangelg`
--
ALTER TABLE `exchangelg`
  MODIFY `id` int(4) UNSIGNED NOT NULL AUTO_INCREMENT, AUTO_INCREMENT=15;
--
-- AUTO_INCREMENT for table `follow`
--
ALTER TABLE `follow`
  MODIFY `id` int(9) UNSIGNED NOT NULL AUTO_INCREMENT, AUTO_INCREMENT=10;
--
-- AUTO_INCREMENT for table `language`
--
ALTER TABLE `language`
  MODIFY `id` int(4) UNSIGNED NOT NULL AUTO_INCREMENT, AUTO_INCREMENT=8;
--
-- AUTO_INCREMENT for table `level`
--
ALTER TABLE `level`
  MODIFY `id` int(4) UNSIGNED NOT NULL AUTO_INCREMENT, AUTO_INCREMENT=31;
--
-- AUTO_INCREMENT for table `likes_post`
--
ALTER TABLE `likes_post`
  MODIFY `id` bigint(20) UNSIGNED NOT NULL AUTO_INCREMENT, AUTO_INCREMENT=7;
--
-- AUTO_INCREMENT for table `message`
--
ALTER TABLE `message`
  MODIFY `id` bigint(40) UNSIGNED NOT NULL AUTO_INCREMENT, AUTO_INCREMENT=23;
--
-- AUTO_INCREMENT for table `nativelg`
--
ALTER TABLE `nativelg`
  MODIFY `id` int(4) UNSIGNED NOT NULL AUTO_INCREMENT, AUTO_INCREMENT=11;
--
-- AUTO_INCREMENT for table `post`
--
ALTER TABLE `post`
  MODIFY `id` bigint(20) UNSIGNED NOT NULL AUTO_INCREMENT, AUTO_INCREMENT=4;
--
-- AUTO_INCREMENT for table `post_title`
--
ALTER TABLE `post_title`
  MODIFY `id` int(4) UNSIGNED NOT NULL AUTO_INCREMENT, AUTO_INCREMENT=6;
--
-- AUTO_INCREMENT for table `report_post_comment`
--
ALTER TABLE `report_post_comment`
  MODIFY `id` int(8) UNSIGNED NOT NULL AUTO_INCREMENT;
--
-- AUTO_INCREMENT for table `report_post_comment_content`
--
ALTER TABLE `report_post_comment_content`
  MODIFY `id` int(8) UNSIGNED NOT NULL AUTO_INCREMENT, AUTO_INCREMENT=8;
--
-- AUTO_INCREMENT for table `report_user`
--
ALTER TABLE `report_user`
  MODIFY `id` int(8) UNSIGNED NOT NULL AUTO_INCREMENT;
--
-- AUTO_INCREMENT for table `report_user_content`
--
ALTER TABLE `report_user_content`
  MODIFY `id` int(8) UNSIGNED NOT NULL AUTO_INCREMENT, AUTO_INCREMENT=7;
--
-- AUTO_INCREMENT for table `setting`
--
ALTER TABLE `setting`
  MODIFY `id` int(3) UNSIGNED NOT NULL AUTO_INCREMENT;
--
-- AUTO_INCREMENT for table `type`
--
ALTER TABLE `type`
  MODIFY `id` int(8) UNSIGNED NOT NULL AUTO_INCREMENT, AUTO_INCREMENT=5;
--
-- Constraints for dumped tables
--

--
-- Constraints for table `blocklist_admin`
--
ALTER TABLE `blocklist_admin`
  ADD CONSTRAINT `block by admin` FOREIGN KEY (`blockwho`) REFERENCES `user` (`id`) ON DELETE CASCADE ON UPDATE CASCADE;

--
-- Constraints for table `blocklist_user`
--
ALTER TABLE `blocklist_user`
  ADD CONSTRAINT `who want block` FOREIGN KEY (`whoblock`) REFERENCES `user` (`id`) ON DELETE CASCADE ON UPDATE CASCADE,
  ADD CONSTRAINT `who was block` FOREIGN KEY (`blockwho`) REFERENCES `user` (`id`) ON DELETE CASCADE ON UPDATE CASCADE;

--
-- Constraints for table `blockmessages`
--
ALTER TABLE `blockmessages`
  ADD CONSTRAINT `who want block message` FOREIGN KEY (`whoblock`) REFERENCES `user` (`id`) ON DELETE CASCADE ON UPDATE CASCADE,
  ADD CONSTRAINT `who was block message` FOREIGN KEY (`blockwho`) REFERENCES `user` (`id`) ON DELETE CASCADE ON UPDATE CASCADE;

--
-- Constraints for table `checkmisspellings`
--
ALTER TABLE `checkmisspellings`
  ADD CONSTRAINT `check with who` FOREIGN KEY (`checkwho`) REFERENCES `user` (`id`) ON DELETE CASCADE ON UPDATE CASCADE,
  ADD CONSTRAINT `who want check` FOREIGN KEY (`whocheck`) REFERENCES `user` (`id`) ON DELETE CASCADE ON UPDATE CASCADE;

--
-- Constraints for table `comment`
--
ALTER TABLE `comment`
  ADD CONSTRAINT `id of post` FOREIGN KEY (`post_id`) REFERENCES `post` (`id`) ON DELETE CASCADE ON UPDATE CASCADE,
  ADD CONSTRAINT `idusercomment` FOREIGN KEY (`user_id`) REFERENCES `user` (`id`) ON DELETE CASCADE ON UPDATE CASCADE;

--
-- Constraints for table `delconversation`
--
ALTER TABLE `delconversation`
  ADD CONSTRAINT `who want del` FOREIGN KEY (`whodel`) REFERENCES `user` (`id`) ON DELETE CASCADE ON UPDATE CASCADE,
  ADD CONSTRAINT `who was del` FOREIGN KEY (`delwho`) REFERENCES `user` (`id`) ON DELETE CASCADE ON UPDATE CASCADE;

--
-- Constraints for table `editmessage`
--
ALTER TABLE `editmessage`
  ADD CONSTRAINT `fix message` FOREIGN KEY (`message_id`) REFERENCES `message` (`id`) ON DELETE CASCADE ON UPDATE CASCADE,
  ADD CONSTRAINT `who fix message` FOREIGN KEY (`whoedit`) REFERENCES `user` (`id`) ON DELETE CASCADE ON UPDATE CASCADE;

--
-- Constraints for table `exchangelg`
--
ALTER TABLE `exchangelg`
  ADD CONSTRAINT `degree of user` FOREIGN KEY (`degree_id`) REFERENCES `degree` (`id`) ON DELETE CASCADE ON UPDATE CASCADE,
  ADD CONSTRAINT `id of user in exchange` FOREIGN KEY (`user_id`) REFERENCES `user` (`id`) ON DELETE CASCADE ON UPDATE CASCADE,
  ADD CONSTRAINT `language in exchange language` FOREIGN KEY (`language_id`) REFERENCES `language` (`id`) ON DELETE CASCADE ON UPDATE CASCADE;

--
-- Constraints for table `follow`
--
ALTER TABLE `follow`
  ADD CONSTRAINT `person follow` FOREIGN KEY (`followers`) REFERENCES `user` (`id`) ON DELETE CASCADE ON UPDATE CASCADE,
  ADD CONSTRAINT `person was followed` FOREIGN KEY (`tracked`) REFERENCES `user` (`id`) ON DELETE CASCADE ON UPDATE CASCADE;

--
-- Constraints for table `likes_post`
--
ALTER TABLE `likes_post`
  ADD CONSTRAINT `which post` FOREIGN KEY (`id_post`) REFERENCES `post` (`id`) ON DELETE CASCADE ON UPDATE CASCADE,
  ADD CONSTRAINT `who like post` FOREIGN KEY (`id_user`) REFERENCES `user` (`id`) ON DELETE CASCADE ON UPDATE CASCADE;

--
-- Constraints for table `message`
--
ALTER TABLE `message`
  ADD CONSTRAINT `id user A` FOREIGN KEY (`userA`) REFERENCES `user` (`id`) ON DELETE CASCADE ON UPDATE CASCADE,
  ADD CONSTRAINT `id user B` FOREIGN KEY (`userB`) REFERENCES `user` (`id`) ON DELETE CASCADE ON UPDATE CASCADE;

--
-- Constraints for table `nativelg`
--
ALTER TABLE `nativelg`
  ADD CONSTRAINT `id of user in native` FOREIGN KEY (`user_id`) REFERENCES `user` (`id`) ON DELETE CASCADE ON UPDATE CASCADE,
  ADD CONSTRAINT `language in native` FOREIGN KEY (`language_id`) REFERENCES `language` (`id`) ON DELETE CASCADE ON UPDATE CASCADE;

--
-- Constraints for table `post`
--
ALTER TABLE `post`
  ADD CONSTRAINT `iduserpost` FOREIGN KEY (`user_id`) REFERENCES `user` (`id`) ON DELETE CASCADE ON UPDATE CASCADE,
  ADD CONSTRAINT `title of post` FOREIGN KEY (`title_id`) REFERENCES `post_title` (`id`) ON DELETE CASCADE ON UPDATE CASCADE;

--
-- Constraints for table `report_post_comment`
--
ALTER TABLE `report_post_comment`
  ADD CONSTRAINT `code report value` FOREIGN KEY (`code`) REFERENCES `report_post_comment_content` (`id`) ON DELETE CASCADE ON UPDATE CASCADE,
  ADD CONSTRAINT `type of report` FOREIGN KEY (`type`) REFERENCES `type` (`id`) ON DELETE CASCADE ON UPDATE CASCADE,
  ADD CONSTRAINT `who want report` FOREIGN KEY (`whoreport`) REFERENCES `user` (`id`) ON DELETE CASCADE ON UPDATE CASCADE,
  ADD CONSTRAINT `who was report` FOREIGN KEY (`reportwho`) REFERENCES `user` (`id`) ON DELETE CASCADE ON UPDATE CASCADE;

--
-- Constraints for table `report_user`
--
ALTER TABLE `report_user`
  ADD CONSTRAINT `code report1 user` FOREIGN KEY (`code`) REFERENCES `report_user_content` (`id`) ON DELETE CASCADE ON UPDATE CASCADE,
  ADD CONSTRAINT `who want report1` FOREIGN KEY (`whoreport`) REFERENCES `user` (`id`) ON DELETE CASCADE ON UPDATE CASCADE,
  ADD CONSTRAINT `who was report1` FOREIGN KEY (`reportwho`) REFERENCES `user` (`id`) ON DELETE CASCADE ON UPDATE CASCADE;

--
-- Constraints for table `setting`
--
ALTER TABLE `setting`
  ADD CONSTRAINT `id of user` FOREIGN KEY (`user_id`) REFERENCES `user` (`id`) ON DELETE CASCADE ON UPDATE CASCADE;

--
-- Constraints for table `user`
--
ALTER TABLE `user`
  ADD CONSTRAINT `level user` FOREIGN KEY (`level_id`) REFERENCES `level` (`id`) ON DELETE CASCADE ON UPDATE CASCADE;
COMMIT;

/*!40101 SET CHARACTER_SET_CLIENT=@OLD_CHARACTER_SET_CLIENT */;
/*!40101 SET CHARACTER_SET_RESULTS=@OLD_CHARACTER_SET_RESULTS */;
/*!40101 SET COLLATION_CONNECTION=@OLD_COLLATION_CONNECTION */;
